viral_protein,human_gene,human_uniprot,gene_site,negGroup,posGroup,Label,log2FC,Tvalue,pvalue,adj.pvalue
Nsp1,POLA2,Q14181,POLA2_T127,Ctrl_00Hr,Inf_24Hr,Inf_24Hr-Ctrl_00Hr,-2.01068783546911,-7.61185415270296,3.28597898016092e-5,3.04773871976679e-4
Nsp1,POLA2,Q14181,POLA2_T127,Ctrl_00Hr,Inf_00Hr,Inf_00Hr-Ctrl_00Hr,-1.84547825453798,-6.90453622514996,1.64048897703939e-5,0.00135818759898365
Nsp1,POLA2,Q14181,POLA2_T130,Ctrl_00Hr,Inf_00Hr,Inf_00Hr-Ctrl_00Hr,-1.84547825453798,-6.90453622514996,1.64048897703939e-5,0.00135818759898365
Nsp1,POLA2,Q14181,POLA2_T127,Ctrl_00Hr,Ctrl_24Hr,Ctrl_24Hr-Ctrl_00Hr,-1.54957771929703,-6.48177497909477,3.01608880484139e-5,0.00317178419990212
Nsp1,POLA2,Q14181,POLA2_T130,Ctrl_00Hr,Ctrl_24Hr,Ctrl_24Hr-Ctrl_00Hr,-1.54957771929703,-6.48177497909477,3.01608880484139e-5,0.00317178419990212
Nsp1,POLA2,Q14181,POLA2_T127,Ctrl_00Hr,Inf_12Hr,Inf_12Hr-Ctrl_00Hr,-1.14620276084393,-4.79448580325346,4.3762482581311e-4,0.00329429071005699
Nsp1,POLA2,Q14181,POLA2_T130,Ctrl_00Hr,Inf_12Hr,Inf_12Hr-Ctrl_00Hr,-1.14620276084393,-4.79448580325346,4.3762482581311e-4,0.00329429071005699
Nsp1,POLA2,Q14181,POLA2_T127,Ctrl_24Hr,Inf_08Hr,Inf_08Hr-Ctrl_24Hr,1.11153044072435,4.64945391861833,5.60975476501024e-4,0.00519632771329204
Nsp1,POLA2,Q14181,POLA2_T130,Ctrl_24Hr,Inf_08Hr,Inf_08Hr-Ctrl_24Hr,1.11153044072435,4.64945391861833,5.60975476501024e-4,0.00519632771329204
Nsp1,POLA2,Q14181,POLA2_T127,Ctrl_00Hr,Inf_02Hr,Inf_02Hr-Ctrl_00Hr,-1.2526265882499,-4.68648472767982,5.26372878390191e-4,0.00679917658012176
Nsp1,POLA2,Q14181,POLA2_T130,Ctrl_00Hr,Inf_02Hr,Inf_02Hr-Ctrl_00Hr,-1.2526265882499,-4.68648472767982,5.26372878390191e-4,0.00679917658012176
Nsp1,POLA2,Q14181,POLA2_T127,Ctrl_24Hr,Inf_24Hr,Inf_24Hr-Ctrl_24Hr,-1.2430205505867,-4.70569870318581,0.00111121852066054,0.00720198989845915
Nsp1,POLA2,Q14181,POLA2_T130,Ctrl_00Hr,Inf_24Hr,Inf_24Hr-Ctrl_00Hr,-Inf,NA,NA,0
Nsp1,POLA2,Q14181,POLA2_T130,Ctrl_24Hr,Inf_24Hr,Inf_24Hr-Ctrl_24Hr,-Inf,NA,NA,0
Nsp1,PKP2,Q99959,PKP2_S135,Ctrl_00Hr,Inf_02Hr,Inf_02Hr-Ctrl_00Hr,-Inf,NA,NA,0
Nsp1,PKP2,Q99959,PKP2_S151,Ctrl_00Hr,Inf_02Hr,Inf_02Hr-Ctrl_00Hr,Inf,NA,NA,0
Nsp1,PKP2,Q99959,PKP2_S154,Ctrl_00Hr,Inf_02Hr,Inf_02Hr-Ctrl_00Hr,Inf,NA,NA,0
Nsp1,PKP2,Q99959,PKP2_S329,Ctrl_00Hr,Inf_02Hr,Inf_02Hr-Ctrl_00Hr,-Inf,NA,NA,0
Nsp1,PKP2,Q99959,PKP2_S135,Ctrl_24Hr,Inf_02Hr,Inf_02Hr-Ctrl_24Hr,-Inf,NA,NA,0
Nsp1,PKP2,Q99959,PKP2_S151,Ctrl_24Hr,Inf_02Hr,Inf_02Hr-Ctrl_24Hr,Inf,NA,NA,0
Nsp1,PKP2,Q99959,PKP2_S154,Ctrl_24Hr,Inf_02Hr,Inf_02Hr-Ctrl_24Hr,Inf,NA,NA,0
Nsp1,PKP2,Q99959,PKP2_S329,Ctrl_24Hr,Inf_02Hr,Inf_02Hr-Ctrl_24Hr,-Inf,NA,NA,0
Nsp1,PKP2,Q99959,PKP2_S135,Ctrl_00Hr,Inf_08Hr,Inf_08Hr-Ctrl_00Hr,-Inf,NA,NA,0
Nsp1,PKP2,Q99959,PKP2_S135,Ctrl_24Hr,Inf_08Hr,Inf_08Hr-Ctrl_24Hr,-Inf,NA,NA,0
Nsp4,NUP210,Q8TEM1,NUP210_S1877,Ctrl_00Hr,Inf_00Hr,Inf_00Hr-Ctrl_00Hr,-Inf,NA,NA,0
Nsp4,NUP210,Q8TEM1,NUP210_S1877,Ctrl_00Hr,Inf_02Hr,Inf_02Hr-Ctrl_00Hr,-Inf,NA,NA,0
Nsp4,NUP210,Q8TEM1,NUP210_S1874,Ctrl_00Hr,Inf_04Hr,Inf_04Hr-Ctrl_00Hr,Inf,NA,NA,0
Nsp4,NUP210,Q8TEM1,NUP210_S1874,Ctrl_24Hr,Inf_04Hr,Inf_04Hr-Ctrl_24Hr,Inf,NA,NA,0
Nsp5,HDAC2,Q92769,HDAC2_S394,Ctrl_00Hr,Inf_24Hr,Inf_24Hr-Ctrl_00Hr,3.8472555285593,11.5763297660066,1.48162198065904e-8,1.10874711552652e-6
Nsp5,HDAC2,Q92769,HDAC2_S394,Ctrl_00Hr,Inf_08Hr,Inf_08Hr-Ctrl_00Hr,3.7947363585118,11.4183004313306,1.76522576555982e-8,1.06266591086701e-5
Nsp5,HDAC2,Q92769,HDAC2_S394,Ctrl_00Hr,Inf_12Hr,Inf_12Hr-Ctrl_00Hr,3.62492331413376,10.9073357226709,3.15327617350647e-8,1.14909741770752e-5
Nsp5,HDAC2,Q92769,HDAC2_S394,Ctrl_24Hr,Inf_24Hr,Inf_24Hr-Ctrl_24Hr,2.98006955314013,8.96698116792489,3.54191742157894e-7,2.57810720013006e-5
Nsp5,HDAC2,Q92769,HDAC2_S394,Ctrl_00Hr,Inf_04Hr,Inf_04Hr-Ctrl_00Hr,3.43241377058963,10.3280776144878,6.2535480127579e-8,4.93324924792371e-5
Nsp5,HDAC2,Q92769,HDAC2_S394,Ctrl_24Hr,Inf_08Hr,Inf_08Hr-Ctrl_24Hr,2.92755038309264,8.80895183324889,4.3860070042534e-7,8.6404337983792e-5
Nsp5,HDAC2,Q92769,HDAC2_S394,Ctrl_24Hr,Inf_12Hr,Inf_12Hr-Ctrl_24Hr,2.7577373387146,8.29798712458919,8.92382618467025e-7,1.31501502657301e-4
Nsp5,HDAC2,Q92769,HDAC2_S394,Ctrl_00Hr,Inf_02Hr,Inf_02Hr-Ctrl_00Hr,3.2824217064657,8.83403726072602,4.23890717193842e-7,1.48319361946125e-4
Nsp5,HDAC2,Q92769,HDAC2_S394,Ctrl_24Hr,Inf_04Hr,Inf_04Hr-Ctrl_24Hr,2.56522779517047,7.71872901640608,2.07204958835305e-6,3.06743033291189e-4
Nsp5,HDAC2,Q92769,HDAC2_S394,Ctrl_24Hr,Inf_02Hr,Inf_02Hr-Ctrl_24Hr,2.41523573104653,6.50016492380422,1.40144419855659e-5,0.00121158187737118
Nsp5,HDAC2,Q92769,HDAC2_S422,Ctrl_24Hr,Inf_24Hr,Inf_24Hr-Ctrl_24Hr,1.64263581120431,9.03164781614979,1.03208366520002e-4,0.00126014086218777
Nsp5,HDAC2,Q92769,HDAC2_S422,Ctrl_24Hr,Inf_02Hr,Inf_02Hr-Ctrl_24Hr,1.80187501071641,9.04398319727412,1.02416921481385e-4,0.00334342434416357
Nsp5,HDAC2,Q92769,HDAC2_S422,Ctrl_24Hr,Inf_08Hr,Inf_08Hr-Ctrl_24Hr,1.37996291949652,6.9263191856053,4.48481643330556e-4,0.00453255829998997
Nsp5,HDAC2,Q92769,HDAC2_S422,Ctrl_24Hr,Inf_12Hr,Inf_12Hr-Ctrl_24Hr,1.2715529715694,6.38218724435571,6.95919715385962e-4,0.00608568597398757
Nsp6,ATP13A3,Q9H7F0,ATP13A3_S817,Ctrl_24Hr,Inf_24Hr,Inf_24Hr-Ctrl_24Hr,1.81061085693944,5.00301066744629,7.35938063637809e-4,0.00538089001362439
Nsp6,ATP13A3,Q9H7F0,ATP13A3_S817,Ctrl_24Hr,Inf_02Hr,Inf_02Hr-Ctrl_24Hr,1.68310066755957,4.38470257761443,0.00175904777760838,0.0187013410239786
Nsp6,ATP13A3,Q9H7F0,ATP13A3_S817,Ctrl_24Hr,Inf_08Hr,Inf_08Hr-Ctrl_24Hr,1.41341317410105,3.90548922228914,0.00358929981136669,0.0190102993631293
Nsp6,ATP13A3,Q9H7F0,ATP13A3_S817,Ctrl_24Hr,Inf_12Hr,Inf_12Hr-Ctrl_24Hr,1.33900781693483,3.69989518523195,0.00492136092017081,0.0231549088504588
Nsp6,ATP13A3,Q9H7F0,ATP13A3_S817,Ctrl_24Hr,Inf_04Hr,Inf_04Hr-Ctrl_24Hr,1.33537061508042,3.68984500818395,0.00499858506063511,0.0323438240453578
Nsp6,ATP13A3,Q9H7F0,ATP13A3_S817,Ctrl_00Hr,Inf_02Hr,Inf_02Hr-Ctrl_00Hr,Inf,NA,NA,0
Nsp6,ATP13A3,Q9H7F0,ATP13A3_S817,Ctrl_00Hr,Inf_04Hr,Inf_04Hr-Ctrl_00Hr,Inf,NA,NA,0
Nsp6,ATP13A3,Q9H7F0,ATP13A3_S817,Ctrl_00Hr,Inf_08Hr,Inf_08Hr-Ctrl_00Hr,Inf,NA,NA,0
Nsp6,ATP13A3,Q9H7F0,ATP13A3_S817,Ctrl_00Hr,Inf_12Hr,Inf_12Hr-Ctrl_00Hr,Inf,NA,NA,0
Nsp6,ATP13A3,Q9H7F0,ATP13A3_S817,Ctrl_00Hr,Inf_24Hr,Inf_24Hr-Ctrl_00Hr,Inf,NA,NA,0
Nsp7,TOR1AIP1,Q5JTV8,TOR1AIP1_S305,Ctrl_00Hr,Inf_00Hr,Inf_00Hr-Ctrl_00Hr,-Inf,NA,NA,0
Nsp7,TOR1AIP1,Q5JTV8,TOR1AIP1_S305,Ctrl_00Hr,Inf_02Hr,Inf_02Hr-Ctrl_00Hr,-Inf,NA,NA,0
Nsp7,TOR1AIP1,Q5JTV8,TOR1AIP1_T220,Ctrl_00Hr,Inf_02Hr,Inf_02Hr-Ctrl_00Hr,Inf,NA,NA,0
Nsp7,TOR1AIP1,Q5JTV8,TOR1AIP1_T220,Ctrl_24Hr,Inf_02Hr,Inf_02Hr-Ctrl_24Hr,Inf,NA,NA,0
Nsp7,TOR1AIP1,Q5JTV8,TOR1AIP1_T220,Ctrl_00Hr,Inf_08Hr,Inf_08Hr-Ctrl_00Hr,Inf,NA,NA,0
Nsp7,TOR1AIP1,Q5JTV8,TOR1AIP1_T220,Ctrl_24Hr,Inf_08Hr,Inf_08Hr-Ctrl_24Hr,Inf,NA,NA,0
Nsp7,TOR1AIP1,Q5JTV8,TOR1AIP1_T220,Ctrl_00Hr,Inf_24Hr,Inf_24Hr-Ctrl_00Hr,Inf,NA,NA,0
Nsp7,TOR1AIP1,Q5JTV8,TOR1AIP1_T220,Ctrl_24Hr,Inf_24Hr,Inf_24Hr-Ctrl_24Hr,Inf,NA,NA,0
Nsp8,CCDC86,Q9H6F5,CCDC86_S188,Ctrl_00Hr,Inf_12Hr,Inf_12Hr-Ctrl_00Hr,-2.1533132903877,-4.2512270656132,0.00136292812833672,0.00742995334060909
Nsp8,CCDC86,Q9H6F5,CCDC86_S188,Ctrl_00Hr,Inf_24Hr,Inf_24Hr-Ctrl_00Hr,-1.73832653136515,-3.43193014783394,0.00560392703155377,0.0181672435896581
Nsp8,CCDC86,Q9H6F5,CCDC86_S188,Ctrl_00Hr,Inf_08Hr,Inf_08Hr-Ctrl_00Hr,-1.64972017879458,-3.25699706869733,0.00763963851623517,0.0317176716329212
Nsp8,CCDC86,Q9H6F5,CCDC86_S18,Ctrl_00Hr,Inf_02Hr,Inf_02Hr-Ctrl_00Hr,-Inf,NA,NA,0
Nsp8,CCDC86,Q9H6F5,CCDC86_S91,Ctrl_00Hr,Inf_02Hr,Inf_02Hr-Ctrl_00Hr,-Inf,NA,NA,0
Nsp8,CCDC86,Q9H6F5,CCDC86_T3,Ctrl_00Hr,Inf_02Hr,Inf_02Hr-Ctrl_00Hr,-Inf,NA,NA,0
Nsp8,CCDC86,Q9H6F5,CCDC86_S18,Ctrl_24Hr,Inf_02Hr,Inf_02Hr-Ctrl_24Hr,-Inf,NA,NA,0
Nsp8,CCDC86,Q9H6F5,CCDC86_S91,Ctrl_24Hr,Inf_02Hr,Inf_02Hr-Ctrl_24Hr,-Inf,NA,NA,0
Nsp8,CCDC86,Q9H6F5,CCDC86_T3,Ctrl_24Hr,Inf_02Hr,Inf_02Hr-Ctrl_24Hr,-Inf,NA,NA,0
Nsp8,CCDC86,Q9H6F5,CCDC86_S91,Ctrl_00Hr,Inf_04Hr,Inf_04Hr-Ctrl_00Hr,-Inf,NA,NA,0
Nsp8,CCDC86,Q9H6F5,CCDC86_S91,Ctrl_00Hr,Inf_08Hr,Inf_08Hr-Ctrl_00Hr,-Inf,NA,NA,0
Nsp8,CCDC86,Q9H6F5,CCDC86_S91,Ctrl_00Hr,Inf_12Hr,Inf_12Hr-Ctrl_00Hr,-Inf,NA,NA,0
Nsp8,CCDC86,Q9H6F5,CCDC86_T3,Ctrl_00Hr,Inf_12Hr,Inf_12Hr-Ctrl_00Hr,-Inf,NA,NA,0
Nsp8,CCDC86,Q9H6F5,CCDC86_S91,Ctrl_00Hr,Inf_24Hr,Inf_24Hr-Ctrl_00Hr,-Inf,NA,NA,0
Nsp8,CCDC86,Q9H6F5,CCDC86_T3,Ctrl_00Hr,Inf_24Hr,Inf_24Hr-Ctrl_00Hr,-Inf,NA,NA,0
Nsp8,LARP7,Q4G0J3,LARP7_S299,Ctrl_00Hr,Inf_24Hr,Inf_24Hr-Ctrl_00Hr,1.11231410179623,7.26664558067807,2.70506590211994e-5,2.61902876561047e-4
Nsp8,LARP7,Q4G0J3,LARP7_S337,Ctrl_00Hr,Inf_24Hr,Inf_24Hr-Ctrl_00Hr,1.46408769717309,2.99321429101517,0.010373375962522,0.0294554675552402
Nsp8,LARP7,Q4G0J3,LARP7_T338,Ctrl_00Hr,Inf_24Hr,Inf_24Hr-Ctrl_00Hr,1.46408769717309,2.99321429101517,0.010373375962522,0.0294554675552402
Nsp8,LARP7,Q4G0J3,LARP7_S337,Ctrl_00Hr,Inf_12Hr,Inf_12Hr-Ctrl_00Hr,1.48925236281317,3.04466150757737,0.00939599885335873,0.0296548117245167
Nsp8,LARP7,Q4G0J3,LARP7_T338,Ctrl_00Hr,Inf_12Hr,Inf_12Hr-Ctrl_00Hr,1.48925236281317,3.04466150757737,0.00939599885335873,0.0296548117245167
Nsp8,LARP7,Q4G0J3,LARP7_S337,Ctrl_00Hr,Inf_02Hr,Inf_02Hr-Ctrl_00Hr,1.71632390819988,3.20316527727815,0.00692526120220061,0.034445518926724
Nsp8,LARP7,Q4G0J3,LARP7_T338,Ctrl_00Hr,Inf_02Hr,Inf_02Hr-Ctrl_00Hr,1.71632390819988,3.20316527727815,0.00692526120220061,0.034445518926724
Nsp8,LARP7,Q4G0J3,LARP7_S337,Ctrl_00Hr,Inf_08Hr,Inf_08Hr-Ctrl_00Hr,1.41553292153687,2.89394779993544,0.0125528914632049,0.0454622859411168
Nsp8,LARP7,Q4G0J3,LARP7_T338,Ctrl_00Hr,Inf_08Hr,Inf_08Hr-Ctrl_00Hr,1.41553292153687,2.89394779993544,0.0125528914632049,0.0454622859411168
Nsp8,LARP7,Q4G0J3,LARP7_S299,Ctrl_00Hr,Inf_12Hr,Inf_12Hr-Ctrl_00Hr,1.08112861070625,2.67944784145521,0.017964925686986,0.0488922362158128
Nsp8,MPHOSPH10,O00566,MPHOSPH10_S163,Ctrl_00Hr,Inf_12Hr,Inf_12Hr-Ctrl_00Hr,2.40597802437939,4.62067955843677,9.49599547639624e-4,0.00575288219100854
Nsp8,MPHOSPH10,O00566,MPHOSPH10_S167,Ctrl_00Hr,Inf_12Hr,Inf_12Hr-Ctrl_00Hr,2.40597802437939,4.62067955843677,9.49599547639624e-4,0.00575288219100854
Nsp8,MPHOSPH10,O00566,MPHOSPH10_S171,Ctrl_00Hr,Inf_12Hr,Inf_12Hr-Ctrl_00Hr,2.40597802437939,4.62067955843677,9.49599547639624e-4,0.00575288219100854
Nsp8,MPHOSPH10,O00566,MPHOSPH10_S167,Ctrl_00Hr,Inf_02Hr,Inf_02Hr-Ctrl_00Hr,2.20999371729293,4.39157851379716,0.00174155289450795,0.0140804344729394
Nsp8,MPHOSPH10,O00566,MPHOSPH10_S171,Ctrl_00Hr,Inf_02Hr,Inf_02Hr-Ctrl_00Hr,2.20999371729293,4.39157851379716,0.00174155289450795,0.0140804344729394
Nsp8,MPHOSPH10,O00566,MPHOSPH10_S167,Ctrl_00Hr,Inf_00Hr,Inf_00Hr-Ctrl_00Hr,2.39965936877504,4.7684717118803,0.00101753853887177,0.0198710086918925
Nsp8,MPHOSPH10,O00566,MPHOSPH10_S171,Ctrl_00Hr,Inf_00Hr,Inf_00Hr-Ctrl_00Hr,2.39965936877504,4.7684717118803,0.00101753853887177,0.0198710086918925
Nsp8,MPHOSPH10,O00566,MPHOSPH10_S163,Ctrl_24Hr,Inf_12Hr,Inf_12Hr-Ctrl_24Hr,1.67519837768304,3.5969586514879,0.00487245256815139,0.0229541115870457
Nsp8,MPHOSPH10,O00566,MPHOSPH10_S167,Ctrl_24Hr,Inf_12Hr,Inf_12Hr-Ctrl_24Hr,1.67519837768304,3.5969586514879,0.00487245256815139,0.0229541115870457
Nsp8,MPHOSPH10,O00566,MPHOSPH10_S171,Ctrl_24Hr,Inf_12Hr,Inf_12Hr-Ctrl_24Hr,1.67519837768304,3.5969586514879,0.00487245256815139,0.0229541115870457
Nsp8,MPHOSPH10,O00566,MPHOSPH10_S167,Ctrl_00Hr,Inf_24Hr,Inf_24Hr-Ctrl_00Hr,1.61696980657518,3.40806433312657,0.00777340337435439,0.0234639201014126
Nsp8,MPHOSPH10,O00566,MPHOSPH10_S171,Ctrl_00Hr,Inf_24Hr,Inf_24Hr-Ctrl_00Hr,1.61696980657518,3.40806433312657,0.00777340337435439,0.0234639201014126
Nsp8,MPHOSPH10,O00566,MPHOSPH10_S163,Ctrl_00Hr,Inf_24Hr,Inf_24Hr-Ctrl_00Hr,1.81162514417416,3.1760835024974,0.00988497764506491,0.0283600956078859
Nsp8,MPHOSPH10,O00566,MPHOSPH10_S163,Ctrl_00Hr,Inf_08Hr,Inf_08Hr-Ctrl_00Hr,2.07732769016457,3.20416980680615,0.00691188172498003,0.0295103035350211
Nsp8,MPHOSPH10,O00566,MPHOSPH10_S171,Ctrl_00Hr,Inf_08Hr,Inf_08Hr-Ctrl_00Hr,2.07732769016457,3.20416980680615,0.00691188172498003,0.0295103035350211
Nsp8,MPHOSPH10,O00566,MPHOSPH10_S167,Ctrl_24Hr,Inf_00Hr,Inf_00Hr-Ctrl_24Hr,1.50752083095432,4.019103469868,0.00302213898903991,0.0361490580039501
Nsp8,MPHOSPH10,O00566,MPHOSPH10_S171,Ctrl_24Hr,Inf_00Hr,Inf_00Hr-Ctrl_24Hr,1.50752083095432,4.019103469868,0.00302213898903991,0.0361490580039501
Nsp8,MPHOSPH10,O00566,MPHOSPH10_S167,Ctrl_24Hr,Inf_02Hr,Inf_02Hr-Ctrl_24Hr,1.31785517947221,3.51344818316529,0.00658285197659003,0.0401719924823503
Nsp8,MPHOSPH10,O00566,MPHOSPH10_S171,Ctrl_24Hr,Inf_02Hr,Inf_02Hr-Ctrl_24Hr,1.31785517947221,3.51344818316529,0.00658285197659003,0.0401719924823503
Nsp8,HECTD1,Q9ULT8,HECTD1_S1571,Ctrl_00Hr,Inf_24Hr,Inf_24Hr-Ctrl_00Hr,1.7467395470604,7.94297518376054,6.99153057670543e-6,9.26700288986196e-5
Nsp8,HECTD1,Q9ULT8,HECTD1_S1571,Ctrl_00Hr,Inf_12Hr,Inf_12Hr-Ctrl_00Hr,1.40895636371327,6.40696860090556,5.03188279954436e-5,7.26644952848488e-4
Nsp8,HECTD1,Q9ULT8,HECTD1_S1571,Ctrl_24Hr,Inf_24Hr,Inf_24Hr-Ctrl_24Hr,1.26051770177589,5.73197122647533,1.31823227585315e-4,0.00151854399848475
Nsp8,HECTD1,Q9ULT8,HECTD1_S251,Ctrl_24Hr,Inf_08Hr,Inf_08Hr-Ctrl_24Hr,2.20553849341463,51.5319713777741,3.76358090997897e-4,0.00409508236803816
Nsp8,HECTD1,Q9ULT8,HECTD1_S251,Ctrl_24Hr,Inf_12Hr,Inf_12Hr-Ctrl_24Hr,2.02988351058009,47.4278273898906,4.44266994366949e-4,0.00452121438466254
Nsp8,HECTD1,Q9ULT8,HECTD1_S251,Ctrl_00Hr,Inf_12Hr,Inf_12Hr-Ctrl_00Hr,1.1743310916837,27.4380140656644,0.0013256546392677,0.0072941930229069
Nsp8,HECTD1,Q9ULT8,HECTD1_S251,Ctrl_00Hr,Inf_08Hr,Inf_08Hr-Ctrl_00Hr,1.34998607451825,31.5421580535478,0.00100360546905875,0.00758052052267172
Nsp8,HECTD1,Q9ULT8,HECTD1_S1384,Ctrl_00Hr,Inf_02Hr,Inf_02Hr-Ctrl_00Hr,-Inf,NA,NA,0
Nsp8,HECTD1,Q9ULT8,HECTD1_S1384,Ctrl_00Hr,Inf_08Hr,Inf_08Hr-Ctrl_00Hr,-Inf,NA,NA,0
Nsp8,HECTD1,Q9ULT8,HECTD1_S1384,Ctrl_00Hr,Inf_12Hr,Inf_12Hr-Ctrl_00Hr,-Inf,NA,NA,0
Nsp8,HECTD1,Q9ULT8,HECTD1_S1384,Ctrl_00Hr,Inf_24Hr,Inf_24Hr-Ctrl_00Hr,-Inf,NA,NA,0
Nsp8,MEPCE,Q7L2J0,MEPCE_S152,Ctrl_00Hr,Inf_24Hr,Inf_24Hr-Ctrl_00Hr,1.9324900812187,8.07048819574255,1.23632967197196e-6,2.38757859232434e-5
Nsp8,MEPCE,Q7L2J0,MEPCE_S152,Ctrl_24Hr,Inf_24Hr,Inf_24Hr-Ctrl_24Hr,1.95917301903831,8.18192179987526,1.05305256870025e-6,4.96466766301185e-5
Nsp8,MEPCE,Q7L2J0,MEPCE_S254,Ctrl_00Hr,Inf_24Hr,Inf_24Hr-Ctrl_00Hr,-1.8961239755181,-5.68833736789034,1.40594920766457e-4,9.71186452679064e-4
Nsp8,MEPCE,Q7L2J0,MEPCE_S254,Ctrl_00Hr,Inf_08Hr,Inf_08Hr-Ctrl_00Hr,-1.72865928706727,-5.79806428843423,1.19628340755185e-4,0.0019035135101662
Nsp8,MEPCE,Q7L2J0,MEPCE_S254,Ctrl_00Hr,Inf_12Hr,Inf_12Hr-Ctrl_00Hr,-1.88191881212747,-4.46333524703871,9.57369320362833e-4,0.00579003872725419
Nsp8,MEPCE,Q7L2J0,MEPCE_S254,Ctrl_00Hr,Inf_02Hr,Inf_02Hr-Ctrl_00Hr,-1.0868409318638,-3.26050298688109,0.00759219534052158,0.0363905362965548
Nsp8,MEPCE,Q7L2J0,MEPCE_S254,Ctrl_24Hr,Inf_24Hr,Inf_24Hr-Ctrl_24Hr,-1.02614573199574,-3.07841849350468,0.0105009080168597,0.0386633626885348
Nsp8,CCDC86,Q9H6F5,CCDC86_S188,Ctrl_00Hr,Inf_12Hr,Inf_12Hr-Ctrl_00Hr,-2.1533132903877,-4.2512270656132,0.00136292812833672,0.00742995334060909
Nsp8,CCDC86,Q9H6F5,CCDC86_S188,Ctrl_00Hr,Inf_24Hr,Inf_24Hr-Ctrl_00Hr,-1.73832653136515,-3.43193014783394,0.00560392703155377,0.0181672435896581
Nsp8,CCDC86,Q9H6F5,CCDC86_S188,Ctrl_00Hr,Inf_08Hr,Inf_08Hr-Ctrl_00Hr,-1.64972017879458,-3.25699706869733,0.00763963851623517,0.0317176716329212
Nsp8,CCDC86,Q9H6F5,CCDC86_S18,Ctrl_00Hr,Inf_02Hr,Inf_02Hr-Ctrl_00Hr,-Inf,NA,NA,0
Nsp8,CCDC86,Q9H6F5,CCDC86_S91,Ctrl_00Hr,Inf_02Hr,Inf_02Hr-Ctrl_00Hr,-Inf,NA,NA,0
Nsp8,CCDC86,Q9H6F5,CCDC86_T3,Ctrl_00Hr,Inf_02Hr,Inf_02Hr-Ctrl_00Hr,-Inf,NA,NA,0
Nsp8,CCDC86,Q9H6F5,CCDC86_S18,Ctrl_24Hr,Inf_02Hr,Inf_02Hr-Ctrl_24Hr,-Inf,NA,NA,0
Nsp8,CCDC86,Q9H6F5,CCDC86_S91,Ctrl_24Hr,Inf_02Hr,Inf_02Hr-Ctrl_24Hr,-Inf,NA,NA,0
Nsp8,CCDC86,Q9H6F5,CCDC86_T3,Ctrl_24Hr,Inf_02Hr,Inf_02Hr-Ctrl_24Hr,-Inf,NA,NA,0
Nsp8,CCDC86,Q9H6F5,CCDC86_S91,Ctrl_00Hr,Inf_04Hr,Inf_04Hr-Ctrl_00Hr,-Inf,NA,NA,0
Nsp8,CCDC86,Q9H6F5,CCDC86_S91,Ctrl_00Hr,Inf_08Hr,Inf_08Hr-Ctrl_00Hr,-Inf,NA,NA,0
Nsp8,CCDC86,Q9H6F5,CCDC86_S91,Ctrl_00Hr,Inf_12Hr,Inf_12Hr-Ctrl_00Hr,-Inf,NA,NA,0
Nsp8,CCDC86,Q9H6F5,CCDC86_T3,Ctrl_00Hr,Inf_12Hr,Inf_12Hr-Ctrl_00Hr,-Inf,NA,NA,0
Nsp8,CCDC86,Q9H6F5,CCDC86_S91,Ctrl_00Hr,Inf_24Hr,Inf_24Hr-Ctrl_00Hr,-Inf,NA,NA,0
Nsp8,CCDC86,Q9H6F5,CCDC86_T3,Ctrl_00Hr,Inf_24Hr,Inf_24Hr-Ctrl_00Hr,-Inf,NA,NA,0
Nsp9,NUP214,P35658,NUP214_S678,Ctrl_00Hr,Inf_12Hr,Inf_12Hr-Ctrl_00Hr,1.19346143134949,6.48062648789938,1.44740385299436e-5,3.36146901396072e-4
Nsp9,NUP214,P35658,NUP214_S678,Ctrl_00Hr,Inf_24Hr,Inf_24Hr-Ctrl_00Hr,1.08033599887815,5.86634298038808,4.10071227259223e-5,3.62801933082544e-4
Nsp9,NUP214,P35658,NUP214_S678,Ctrl_00Hr,Inf_08Hr,Inf_08Hr-Ctrl_00Hr,1.20733046264104,6.55593684916338,1.2784934906751e-5,3.86796116671517e-4
Nsp9,NUP214,P35658,NUP214_S678,Ctrl_24Hr,Inf_08Hr,Inf_08Hr-Ctrl_24Hr,1.08770032470351,5.90633207744286,3.82583427016581e-5,9.50995905470798e-4
Nsp9,NUP214,P35658,NUP214_S678,Ctrl_00Hr,Inf_04Hr,Inf_04Hr-Ctrl_00Hr,1.11435085859875,6.0510473999002,2.98183116185236e-5,0.00106715149850139
Nsp9,NUP214,P35658,NUP214_S678,Ctrl_24Hr,Inf_12Hr,Inf_12Hr-Ctrl_24Hr,1.07383129341195,5.83102171617886,4.36068873366224e-5,0.00111424252677671
Nsp9,NEK9,Q8TD19,NEK9_T333,Ctrl_00Hr,Inf_08Hr,Inf_08Hr-Ctrl_00Hr,-1.92536869466145,-15.3668942216482,2.94715429838277e-9,3.54837377525286e-6
Nsp9,NEK9,Q8TD19,NEK9_T333,Ctrl_00Hr,Inf_12Hr,Inf_12Hr-Ctrl_00Hr,-1.89445819147204,-13.5239082107631,1.26288746127301e-8,8.68583493637435e-6
Nsp9,NEK9,Q8TD19,NEK9_T333,Ctrl_00Hr,Inf_00Hr,Inf_00Hr-Ctrl_00Hr,-2.47252086640546,-13.95395002465,8.85703799191617e-9,1.60223817273764e-5
Nsp9,NEK9,Q8TD19,NEK9_T333,Ctrl_24Hr,Inf_08Hr,Inf_08Hr-Ctrl_24Hr,-1.57480847756014,-12.5689772359557,2.88133144010772e-8,1.79747059672053e-5
Nsp9,NEK9,Q8TD19,NEK9_T333,Ctrl_00Hr,Inf_24Hr,Inf_24Hr-Ctrl_00Hr,-1.01693570441397,-8.11644203174009,3.24184919819892e-6,5.08503158075569e-5
Nsp9,NEK9,Q8TD19,NEK9_T333,Ctrl_24Hr,Inf_00Hr,Inf_00Hr-Ctrl_24Hr,-2.12196064930415,-11.9755239508698,4.94718896959512e-8,6.13451432229795e-5
Nsp9,NEK9,Q8TD19,NEK9_T333,Ctrl_24Hr,Inf_12Hr,Inf_12Hr-Ctrl_24Hr,-1.54389797437073,-11.0213751805993,1.24028387560315e-7,8.08081220748081e-5
Nsp9,NEK9,Q8TD19,NEK9_T333,Ctrl_00Hr,Inf_04Hr,Inf_04Hr-Ctrl_00Hr,-1.08744312122585,-8.67918101206837,1.61712789492618e-6,1.72604701756297e-4
Nsp9,MIB1,Q86YT6,MIB1_S805,Ctrl_00Hr,Inf_02Hr,Inf_02Hr-Ctrl_00Hr,Inf,NA,NA,0
Nsp9,MIB1,Q86YT6,MIB1_S805,Ctrl_24Hr,Inf_02Hr,Inf_02Hr-Ctrl_24Hr,Inf,NA,NA,0
Nsp9,MIB1,Q86YT6,MIB1_S805,Ctrl_00Hr,Inf_04Hr,Inf_04Hr-Ctrl_00Hr,Inf,NA,NA,0
Nsp9,MIB1,Q86YT6,MIB1_S805,Ctrl_24Hr,Inf_04Hr,Inf_04Hr-Ctrl_24Hr,Inf,NA,NA,0
Nsp9,MIB1,Q86YT6,MIB1_S805,Ctrl_00Hr,Inf_24Hr,Inf_24Hr-Ctrl_00Hr,Inf,NA,NA,0
Nsp9,MIB1,Q86YT6,MIB1_S805,Ctrl_24Hr,Inf_24Hr,Inf_24Hr-Ctrl_24Hr,Inf,NA,NA,0
Nsp12,MYCBP2,O75592,MYCBP2_S2789,Ctrl_00Hr,Inf_02Hr,Inf_02Hr-Ctrl_00Hr,-Inf,NA,NA,0
Nsp12,MYCBP2,O75592,MYCBP2_S3478,Ctrl_00Hr,Inf_02Hr,Inf_02Hr-Ctrl_00Hr,-Inf,NA,NA,0
Nsp12,MYCBP2,O75592,MYCBP2_S2789,Ctrl_24Hr,Inf_02Hr,Inf_02Hr-Ctrl_24Hr,-Inf,NA,NA,0
Nsp12,MYCBP2,O75592,MYCBP2_S3478,Ctrl_24Hr,Inf_02Hr,Inf_02Hr-Ctrl_24Hr,-Inf,NA,NA,0
Nsp12,MYCBP2,O75592,MYCBP2_S2789,Ctrl_00Hr,Inf_04Hr,Inf_04Hr-Ctrl_00Hr,-Inf,NA,NA,0
Nsp12,MYCBP2,O75592,MYCBP2_S3478,Ctrl_00Hr,Inf_04Hr,Inf_04Hr-Ctrl_00Hr,-Inf,NA,NA,0
Nsp12,MYCBP2,O75592,MYCBP2_S2789,Ctrl_24Hr,Inf_04Hr,Inf_04Hr-Ctrl_24Hr,-Inf,NA,NA,0
Nsp12,MYCBP2,O75592,MYCBP2_S2789,Ctrl_00Hr,Inf_08Hr,Inf_08Hr-Ctrl_00Hr,-Inf,NA,NA,0
Nsp12,MYCBP2,O75592,MYCBP2_S2789,Ctrl_24Hr,Inf_08Hr,Inf_08Hr-Ctrl_24Hr,-Inf,NA,NA,0
Nsp12,MYCBP2,O75592,MYCBP2_S2789,Ctrl_00Hr,Inf_12Hr,Inf_12Hr-Ctrl_00Hr,-Inf,NA,NA,0
Nsp12,MYCBP2,O75592,MYCBP2_S3478,Ctrl_00Hr,Inf_12Hr,Inf_12Hr-Ctrl_00Hr,-Inf,NA,NA,0
Nsp12,MYCBP2,O75592,MYCBP2_S2789,Ctrl_24Hr,Inf_12Hr,Inf_12Hr-Ctrl_24Hr,-Inf,NA,NA,0
Nsp12,MYCBP2,O75592,MYCBP2_S2789,Ctrl_00Hr,Inf_24Hr,Inf_24Hr-Ctrl_00Hr,-Inf,NA,NA,0
Nsp12,MYCBP2,O75592,MYCBP2_S2789,Ctrl_24Hr,Inf_24Hr,Inf_24Hr-Ctrl_24Hr,-Inf,NA,NA,0
Nsp12,UBAP2L,Q14157,UBAP2L_S609,Ctrl_00Hr,Inf_24Hr,Inf_24Hr-Ctrl_00Hr,-1.64970326647857,-8.19357548653355,1.03561820097298e-6,2.12568033022568e-5
Nsp12,UBAP2L,Q14157,UBAP2L_S609,Ctrl_00Hr,Inf_12Hr,Inf_12Hr-Ctrl_00Hr,-1.21063054747634,-6.01283453734357,3.1837770041454e-5,5.4861726207267e-4
Nsp12,UBAP2L,Q14157,UBAP2L_S609,Ctrl_24Hr,Inf_24Hr,Inf_24Hr-Ctrl_24Hr,-1.05437618071093,-5.2367665163802,1.25846334109836e-4,0.00147742273414349
Nsp12,UBAP2L,Q14157,UBAP2L_S609,Ctrl_00Hr,Inf_02Hr,Inf_02Hr-Ctrl_00Hr,-1.04329035280413,-4.63465925503274,3.86165594218335e-4,0.00592628690425419
Nsp12,UBAP2L,Q14157,UBAP2L_S471,Ctrl_00Hr,Inf_00Hr,Inf_00Hr-Ctrl_00Hr,-Inf,NA,NA,0
Nsp12,UBAP2L,Q14157,UBAP2L_S477,Ctrl_00Hr,Inf_00Hr,Inf_00Hr-Ctrl_00Hr,-Inf,NA,NA,0
Nsp12,UBAP2L,Q14157,UBAP2L_S471,Ctrl_00Hr,Inf_02Hr,Inf_02Hr-Ctrl_00Hr,-Inf,NA,NA,0
Nsp12,UBAP2L,Q14157,UBAP2L_S477,Ctrl_00Hr,Inf_02Hr,Inf_02Hr-Ctrl_00Hr,-Inf,NA,NA,0
Nsp12,PLEKHA5,Q9HAU0,PLEKHA5_S161,Ctrl_00Hr,Inf_12Hr,Inf_12Hr-Ctrl_00Hr,1.76209188586375,5.84858900634552,1.61918324630639e-4,0.00164616963374483
Nsp12,PLEKHA5,Q9HAU0,PLEKHA5_S855,Ctrl_24Hr,Inf_12Hr,Inf_12Hr-Ctrl_24Hr,-2.56179270062452,-5.69951902450545,1.98438822079261e-4,0.00277965254958174
Nsp12,PLEKHA5,Q9HAU0,PLEKHA5_S410,Ctrl_24Hr,Inf_08Hr,Inf_08Hr-Ctrl_24Hr,-1.72633687831843,-4.86348365376289,2.50847934947673e-4,0.00309875848352852
Nsp12,PLEKHA5,Q9HAU0,PLEKHA5_S410,Ctrl_24Hr,Inf_02Hr,Inf_02Hr-Ctrl_24Hr,-2.14276626805993,-5.39935281504825,9.3721083523679e-5,0.00318110882301391
Nsp12,PLEKHA5,Q9HAU0,PLEKHA5_S855,Ctrl_00Hr,Inf_12Hr,Inf_12Hr-Ctrl_00Hr,-2.23879777761441,-4.98091454567075,5.52678403445306e-4,0.00387971466545534
Nsp12,PLEKHA5,Q9HAU0,PLEKHA5_S410,Ctrl_24Hr,Inf_04Hr,Inf_04Hr-Ctrl_24Hr,-1.77961893388784,-5.0135913236825,1.8967617925103e-4,0.00405590896631787
Nsp12,PLEKHA5,Q9HAU0,PLEKHA5_S855,Ctrl_24Hr,Inf_02Hr,Inf_02Hr-Ctrl_24Hr,-2.58768414079132,-5.75712273138093,1.8337322561135e-4,0.00454642353725376
Nsp12,PLEKHA5,Q9HAU0,PLEKHA5_S410,Ctrl_24Hr,Inf_12Hr,Inf_12Hr-Ctrl_24Hr,-1.57938921309025,-4.44949865652871,5.49926943465895e-4,0.00511598701951605
Nsp12,PLEKHA5,Q9HAU0,PLEKHA5_S410,Ctrl_24Hr,Inf_00Hr,Inf_00Hr-Ctrl_24Hr,-2.0104690117983,-5.06598954829021,1.72158472270922e-4,0.0053817606457801
Nsp12,PLEKHA5,Q9HAU0,PLEKHA5_S161,Ctrl_00Hr,Inf_08Hr,Inf_08Hr-Ctrl_00Hr,1.4227678057167,4.72233270798934,8.13561922722528e-4,0.00657401714736861
Nsp12,PLEKHA5,Q9HAU0,PLEKHA5_S855,Ctrl_00Hr,Inf_02Hr,Inf_02Hr-Ctrl_00Hr,-2.26468921778121,-5.03851825254624,5.07731004267598e-4,0.00671785018248171
Nsp12,PLEKHA5,Q9HAU0,PLEKHA5_T460,Ctrl_24Hr,Inf_04Hr,Inf_04Hr-Ctrl_24Hr,-1.31658366529311,-4.61961407842708,3.9736214738828e-4,0.00679754180132218
Nsp12,PLEKHA5,Q9HAU0,PLEKHA5_S161,Ctrl_00Hr,Inf_24Hr,Inf_24Hr-Ctrl_00Hr,1.60580403158305,4.21361745899108,0.00178962987217224,0.00721099293455751
Nsp12,PLEKHA5,Q9HAU0,PLEKHA5_S855,Ctrl_24Hr,Inf_04Hr,Inf_04Hr-Ctrl_24Hr,-1.95070875774293,-4.852233188557,6.69136717840635e-4,0.00913300435095249
Nsp12,PLEKHA5,Q9HAU0,PLEKHA5_S161,Ctrl_00Hr,Inf_04Hr,Inf_04Hr-Ctrl_00Hr,1.24550456613115,4.62192488157625,9.47794095268906e-4,0.0104168392040918
Nsp12,PLEKHA5,Q9HAU0,PLEKHA5_S855,Ctrl_24Hr,Inf_24Hr,Inf_24Hr-Ctrl_24Hr,-1.77042694914905,-3.93887533355537,0.00277993769492113,0.0143923172554154
Nsp12,PLEKHA5,Q9HAU0,PLEKHA5_S855,Ctrl_24Hr,Inf_08Hr,Inf_08Hr-Ctrl_24Hr,-2.25088244668371,-3.95901408466071,0.00269073464533953,0.0154469628489354
Nsp12,PLEKHA5,Q9HAU0,PLEKHA5_T460,Ctrl_24Hr,Inf_00Hr,Inf_00Hr-Ctrl_24Hr,-1.32949326979674,-4.17242338036617,9.3962231423439e-4,0.0170507073607411
Nsp12,PLEKHA5,Q9HAU0,PLEKHA5_S855,Ctrl_00Hr,Inf_04Hr,Inf_04Hr-Ctrl_00Hr,-1.62771383473282,-4.04880895675191,0.00232802750673455,0.0192126793349579
Nsp12,PLEKHA5,Q9HAU0,PLEKHA5_T460,Ctrl_00Hr,Ctrl_24Hr,Ctrl_24Hr-Ctrl_00Hr,1.16615423262145,4.09178896309336,0.00109962798845964,0.0265754813856923
Nsp12,PLEKHA5,Q9HAU0,PLEKHA5_S855,Ctrl_00Hr,Inf_24Hr,Inf_24Hr-Ctrl_00Hr,-1.44743202613894,-3.22027085472068,0.00917093423342941,0.0268039021696326
Nsp12,PLEKHA5,Q9HAU0,PLEKHA5_S855,Ctrl_00Hr,Inf_08Hr,Inf_08Hr-Ctrl_00Hr,-1.9278875236736,-3.39090736218174,0.00687534067532058,0.0293890302003053
Nsp12,PLEKHA5,Q9HAU0,PLEKHA5_S410,Ctrl_00Hr,Ctrl_24Hr,Ctrl_24Hr-Ctrl_00Hr,1.33669173730909,3.76576466399483,0.00208731114675675,0.0360965674312468
Nsp12,PLEKHA5,Q9HAU0,PLEKHA5_S161,Ctrl_24Hr,Inf_00Hr,Inf_00Hr-Ctrl_24Hr,-1.15215278970812,-3.82412982749429,0.00335085714577055,0.0384728042662544
Nsp12,PLEKHA5,Q9HAU0,PLEKHA5_T460,Ctrl_24Hr,Inf_02Hr,Inf_02Hr-Ctrl_24Hr,-1.02047513345269,-3.20261441154286,0.00638724400363322,0.0393753531021939
Nsp12,PLEKHA5,Q9HAU0,PLEKHA5_S161,Ctrl_00Hr,Ctrl_24Hr,Ctrl_24Hr-Ctrl_00Hr,1.0348348760556,3.84015377544641,0.00326426634513499,0.0466958101063245
Nsp12,LARP4B,Q92615,LARP4B_S736,Ctrl_00Hr,Inf_24Hr,Inf_24Hr-Ctrl_00Hr,-2.86613424492487,-4.88830341383294,0.00121155657844385,0.0053529043416609
Nsp12,LARP4B,Q92615,LARP4B_T732,Ctrl_00Hr,Inf_24Hr,Inf_24Hr-Ctrl_00Hr,-2.86613424492487,-4.88830341383294,0.00121155657844385,0.0053529043416609
Nsp12,LARP4B,Q92615,LARP4B_S736,Ctrl_00Hr,Inf_12Hr,Inf_12Hr-Ctrl_00Hr,-2.79033980248155,-4.75903304472819,0.00142857465243829,0.00768577705292125
Nsp12,LARP4B,Q92615,LARP4B_T732,Ctrl_00Hr,Inf_12Hr,Inf_12Hr-Ctrl_00Hr,-2.79033980248155,-4.75903304472819,0.00142857465243829,0.00768577705292125
Nsp12,LARP4B,Q92615,LARP4B_S736,Ctrl_00Hr,Inf_08Hr,Inf_08Hr-Ctrl_00Hr,-2.82913224644912,-4.82519506648742,0.00131264293551103,0.00890081416376426
Nsp12,LARP4B,Q92615,LARP4B_T732,Ctrl_00Hr,Inf_08Hr,Inf_08Hr-Ctrl_00Hr,-2.82913224644912,-4.82519506648742,0.00131264293551103,0.00890081416376426
Nsp12,LARP4B,Q92615,LARP4B_S736,Ctrl_00Hr,Inf_02Hr,Inf_02Hr-Ctrl_00Hr,-2.23306002791426,-4.81750323889385,0.00132557899153918,0.0118436176078148
Nsp12,LARP4B,Q92615,LARP4B_T732,Ctrl_00Hr,Inf_02Hr,Inf_02Hr-Ctrl_00Hr,-2.23306002791426,-4.81750323889385,0.00132557899153918,0.0118436176078148
Nsp12,LARP4B,Q92615,LARP4B_S736,Ctrl_00Hr,Inf_04Hr,Inf_04Hr-Ctrl_00Hr,-1.98616039566733,-4.7906113805685004,0.00137190836463441,0.0134273201841854
Nsp12,LARP4B,Q92615,LARP4B_T732,Ctrl_00Hr,Inf_04Hr,Inf_04Hr-Ctrl_00Hr,-1.98616039566733,-4.7906113805685004,0.00137190836463441,0.0134273201841854
Nsp12,LARP4B,Q92615,LARP4B_S736,Ctrl_24Hr,Inf_24Hr,Inf_24Hr-Ctrl_24Hr,-2.18297163276851,-3.72314301176166,0.00584496901106091,0.0249135221924161
Nsp12,LARP4B,Q92615,LARP4B_T732,Ctrl_24Hr,Inf_24Hr,Inf_24Hr-Ctrl_24Hr,-2.18297163276851,-3.72314301176166,0.00584496901106091,0.0249135221924161
Nsp12,LARP4B,Q92615,LARP4B_S736,Ctrl_24Hr,Inf_08Hr,Inf_08Hr-Ctrl_24Hr,-2.14596963429277,-3.66003466441614,0.00640089193692273,0.0289354329950504
Nsp12,LARP4B,Q92615,LARP4B_T732,Ctrl_24Hr,Inf_08Hr,Inf_08Hr-Ctrl_24Hr,-2.14596963429277,-3.66003466441614,0.00640089193692273,0.0289354329950504
Nsp12,LARP4B,Q92615,LARP4B_S736,Ctrl_24Hr,Inf_12Hr,Inf_12Hr-Ctrl_24Hr,-2.1071771903252,-3.59387264265691,0.00704472619391261,0.0300032038131492
Nsp12,LARP4B,Q92615,LARP4B_T732,Ctrl_24Hr,Inf_12Hr,Inf_12Hr-Ctrl_24Hr,-2.1071771903252,-3.59387264265691,0.00704472619391261,0.0300032038131492
Nsp12,LARP4B,Q92615,LARP4B_S488,Ctrl_00Hr,Ctrl_24Hr,Ctrl_24Hr-Ctrl_00Hr,-Inf,NA,NA,0
Nsp12,LARP4B,Q92615,LARP4B_S488,Ctrl_00Hr,Inf_00Hr,Inf_00Hr-Ctrl_00Hr,-Inf,NA,NA,0
Nsp12,LARP4B,Q92615,LARP4B_S488,Ctrl_00Hr,Inf_02Hr,Inf_02Hr-Ctrl_00Hr,-Inf,NA,NA,0
Nsp12,LARP4B,Q92615,LARP4B_S488,Ctrl_00Hr,Inf_04Hr,Inf_04Hr-Ctrl_00Hr,-Inf,NA,NA,0
Nsp12,LARP4B,Q92615,LARP4B_S488,Ctrl_00Hr,Inf_08Hr,Inf_08Hr-Ctrl_00Hr,-Inf,NA,NA,0
Nsp12,LARP4B,Q92615,LARP4B_S718,Ctrl_00Hr,Inf_08Hr,Inf_08Hr-Ctrl_00Hr,Inf,NA,NA,0
Nsp12,LARP4B,Q92615,LARP4B_S718,Ctrl_24Hr,Inf_08Hr,Inf_08Hr-Ctrl_24Hr,Inf,NA,NA,0
Nsp12,LARP4B,Q92615,LARP4B_S488,Ctrl_00Hr,Inf_12Hr,Inf_12Hr-Ctrl_00Hr,-Inf,NA,NA,0
Nsp12,LARP4B,Q92615,LARP4B_S488,Ctrl_00Hr,Inf_24Hr,Inf_24Hr-Ctrl_00Hr,-Inf,NA,NA,0
Nsp12,CRTC3,Q6UUV7,CRTC3_S62,Ctrl_24Hr,Inf_08Hr,Inf_08Hr-Ctrl_24Hr,-3.62674630404842,-11.2248575036489,9.79852335325493e-5,0.00160156650267394
Nsp12,CRTC3,Q6UUV7,CRTC3_S62,Ctrl_24Hr,Inf_24Hr,Inf_24Hr-Ctrl_24Hr,-2.9517296477497,-9.13566649211201,2.63272704936979e-4,0.00256320543761788
Nsp12,CRTC3,Q6UUV7,CRTC3_S62,Ctrl_00Hr,Inf_08Hr,Inf_08Hr-Ctrl_00Hr,-2.78184830100819,-9.13215688967051,2.63754383624137e-4,0.00300530231435452
Nsp12,CRTC3,Q6UUV7,CRTC3_S62,Ctrl_00Hr,Inf_24Hr,Inf_24Hr-Ctrl_00Hr,-2.10683164470947,-6.91623519249291,9.68918032299371e-4,0.00450823001556909
Nsp12,CRTC3,Q6UUV7,CRTC3_S62,Ctrl_00Hr,Inf_02Hr,Inf_02Hr-Ctrl_00Hr,-Inf,NA,NA,0
Nsp12,CRTC3,Q6UUV7,CRTC3_S62,Ctrl_24Hr,Inf_02Hr,Inf_02Hr-Ctrl_24Hr,-Inf,NA,NA,0
Nsp12,CRTC3,Q6UUV7,CRTC3_S62,Ctrl_00Hr,Inf_12Hr,Inf_12Hr-Ctrl_00Hr,-Inf,NA,NA,0
Nsp13,PRKACA,P17612,PRKACA_T198,Ctrl_00Hr,Inf_12Hr,Inf_12Hr-Ctrl_00Hr,2.44628745880663,3.46415761241276,0.0037962643770344,0.0154159722891235
Nsp13,PRKACA,P17612,PRKACA_T198,Ctrl_00Hr,Inf_24Hr,Inf_24Hr-Ctrl_00Hr,2.0985983195981,2.97179929450271,0.0101003969204414,0.0288858485176955
Nsp13,PRKACA,P17612,PRKACA_T198,Ctrl_24Hr,Inf_12Hr,Inf_12Hr-Ctrl_24Hr,2.23789747551456,3.16905911760057,0.00682797319824857,0.0292709057788392
Nsp13,PRKAR2A,P13861,PRKAR2A_S58,Ctrl_24Hr,Inf_00Hr,Inf_00Hr-Ctrl_24Hr,-Inf,NA,NA,0
Nsp13,PRKAR2A,P13861,PRKAR2A_T54,Ctrl_24Hr,Inf_00Hr,Inf_00Hr-Ctrl_24Hr,-Inf,NA,NA,0
Nsp13,PRKAR2A,P13861,PRKAR2A_S58,Ctrl_00Hr,Inf_02Hr,Inf_02Hr-Ctrl_00Hr,Inf,NA,NA,0
Nsp13,PRKAR2A,P13861,PRKAR2A_T54,Ctrl_00Hr,Inf_02Hr,Inf_02Hr-Ctrl_00Hr,Inf,NA,NA,0
Nsp13,PRKAR2A,P13861,PRKAR2A_T54,Ctrl_00Hr,Inf_24Hr,Inf_24Hr-Ctrl_00Hr,Inf,NA,NA,0
Nsp13,ERC1,Q8IUD2,ERC1_S17,Ctrl_00Hr,Inf_12Hr,Inf_12Hr-Ctrl_00Hr,1.62750326621146,4.49065154351273,0.00414501855459926,0.0164268866587252
Nsp13,ERC1,Q8IUD2,ERC1_S21,Ctrl_00Hr,Inf_12Hr,Inf_12Hr-Ctrl_00Hr,1.62750326621146,4.49065154351273,0.00414501855459926,0.0164268866587252
Nsp13,ERC1,Q8IUD2,ERC1_S17,Ctrl_24Hr,Inf_12Hr,Inf_12Hr-Ctrl_24Hr,1.59732578880056,4.40738502213113,0.00453212021485072,0.021702814253886
Nsp13,ERC1,Q8IUD2,ERC1_S21,Ctrl_24Hr,Inf_12Hr,Inf_12Hr-Ctrl_24Hr,1.59732578880056,4.40738502213113,0.00453212021485072,0.021702814253886
Nsp13,ERC1,Q8IUD2,ERC1_S21,Ctrl_00Hr,Inf_24Hr,Inf_24Hr-Ctrl_00Hr,-Inf,NA,NA,0
Nsp13,ERC1,Q8IUD2,ERC1_S21,Ctrl_24Hr,Inf_24Hr,Inf_24Hr-Ctrl_24Hr,-Inf,NA,NA,0
Nsp13,CIT,O14578,CIT_S1993,Ctrl_00Hr,Inf_24Hr,Inf_24Hr-Ctrl_00Hr,-1.81944866718213,-4.81468401856337,2.74877216153824e-4,0.00167065813946622
Nsp13,CIT,O14578,CIT_S1993,Ctrl_00Hr,Inf_12Hr,Inf_12Hr-Ctrl_00Hr,-1.88200979416439,-4.98023529994757,2.01782054110922e-4,0.00190506787575484
Nsp13,CIT,O14578,CIT_S1993,Ctrl_00Hr,Inf_08Hr,Inf_08Hr-Ctrl_00Hr,-1.71473990923819,-4.53760031042166,4.64565845523124e-4,0.00438123194263583
Nsp13,CIT,O14578,CIT_S1993,Ctrl_24Hr,Inf_12Hr,Inf_12Hr-Ctrl_24Hr,-1.61078444498304,-4.26250999244814,7.8877850228265e-4,0.0066409448714133
Nsp13,CIT,O14578,CIT_S1993,Ctrl_24Hr,Inf_24Hr,Inf_24Hr-Ctrl_24Hr,-1.54822331800078,-4.09695871106394,0.0010885792468236,0.00709169096252549
Nsp13,CIT,O14578,CIT_S1993,Ctrl_24Hr,Inf_08Hr,Inf_08Hr-Ctrl_24Hr,-1.44351456005684,-3.81987500292222,0.00187575629385139,0.0119811532557778
Nsp13,CIT,O14578,CIT_S1993,Ctrl_00Hr,Inf_04Hr,Inf_04Hr-Ctrl_00Hr,-1.36340133354644,-3.60787678702722,0.00285353715644909,0.0218087583086315
Nsp13,CIT,O14578,CIT_S1993,Ctrl_00Hr,Inf_02Hr,Inf_02Hr-Ctrl_00Hr,-1.33339324177023,-3.15595808152866,0.00700814488154133,0.0345282647595732
Nsp13,CENPF,P49454,CENPF_S3054,Ctrl_00Hr,Inf_24Hr,Inf_24Hr-Ctrl_00Hr,-2.81971253145266,-5.74303840382148,2.78731035738833e-4,0.00168836742052932
Nsp13,CENPF,P49454,CENPF_S3054,Ctrl_00Hr,Inf_12Hr,Inf_12Hr-Ctrl_00Hr,-2.63173199137599,-4.79428159823076,9.81514461976696e-4,0.00589747695905703
Nsp13,PRKAR2B,P31323,PRKAR2B_S83,Ctrl_24Hr,Inf_04Hr,Inf_04Hr-Ctrl_24Hr,-1.43457137491207,-4.01902568075735,0.00126787141747631,0.0139161243443455
Nsp13,PRKAR2B,P31323,PRKAR2B_S85,Ctrl_24Hr,Inf_04Hr,Inf_04Hr-Ctrl_24Hr,-1.43457137491207,-4.01902568075735,0.00126787141747631,0.0139161243443455
Nsp13,PRKAR2B,P31323,PRKAR2B_S83,Ctrl_00Hr,Inf_04Hr,Inf_04Hr-Ctrl_00Hr,-1.19917964591308,-3.35956361394817,0.00467417473637877,0.0305751816674899
Nsp13,PRKAR2B,P31323,PRKAR2B_S85,Ctrl_00Hr,Inf_04Hr,Inf_04Hr-Ctrl_00Hr,-1.19917964591308,-3.35956361394817,0.00467417473637877,0.0305751816674899
E,BRD2,P25440,BRD2_S298,Ctrl_24Hr,Inf_12Hr,Inf_12Hr-Ctrl_24Hr,-1.53757319370759,-3.41464715767084,0.00418904924114383,0.0206316275459544
E,BRD2,P25440,BRD2_S301,Ctrl_24Hr,Inf_12Hr,Inf_12Hr-Ctrl_24Hr,-1.53757319370759,-3.41464715767084,0.00418904924114383,0.0206316275459544
E,BRD2,P25440,BRD2_S298,Ctrl_24Hr,Inf_24Hr,Inf_24Hr-Ctrl_24Hr,-1.49906108488706,-3.32911935095691,0.00496605652900239,0.0220566355720432
E,BRD2,P25440,BRD2_S301,Ctrl_24Hr,Inf_24Hr,Inf_24Hr-Ctrl_24Hr,-1.49906108488706,-3.32911935095691,0.00496605652900239,0.0220566355720432
E,BRD2,P25440,BRD2_S298,Ctrl_00Hr,Inf_12Hr,Inf_12Hr-Ctrl_00Hr,-1.32962230175197,-2.95282919345468,0.0104869983566918,0.0323196865731493
E,BRD2,P25440,BRD2_S301,Ctrl_00Hr,Inf_12Hr,Inf_12Hr-Ctrl_00Hr,-1.32962230175197,-2.95282919345468,0.0104869983566918,0.0323196865731493
E,BRD2,P25440,BRD2_S298,Ctrl_00Hr,Inf_24Hr,Inf_24Hr-Ctrl_00Hr,-1.29111019293143,-2.86730138674074,0.0124186728818034,0.0340019859227406
E,BRD2,P25440,BRD2_S301,Ctrl_00Hr,Inf_24Hr,Inf_24Hr-Ctrl_00Hr,-1.29111019293143,-2.86730138674074,0.0124186728818034,0.0340019859227406
E,ZC3H18,Q86VM9,ZC3H18_S868,Ctrl_00Hr,Inf_12Hr,Inf_12Hr-Ctrl_00Hr,-2.28047827598626,-3.38635668823781,0.0044315467676237,0.0172105515519787
E,ZC3H18,Q86VM9,ZC3H18_S868,Ctrl_00Hr,Inf_08Hr,Inf_08Hr-Ctrl_00Hr,-2.0916978812017,-3.10603051314614,0.00773912866809501,0.0319836759143698
E,ZC3H18,Q86VM9,ZC3H18_S868,Ctrl_24Hr,Inf_12Hr,Inf_12Hr-Ctrl_24Hr,-1.98443329205055,-2.9467498207107,0.0106139500160523,0.0395767124080329
E,ZC3H18,Q86VM9,ZC3H18_T611,Ctrl_00Hr,Inf_00Hr,Inf_00Hr-Ctrl_00Hr,-Inf,NA,NA,0
E,ZC3H18,Q86VM9,ZC3H18_S532,Ctrl_24Hr,Inf_00Hr,Inf_00Hr-Ctrl_24Hr,-Inf,NA,NA,0
E,ZC3H18,Q86VM9,ZC3H18_S603,Ctrl_24Hr,Inf_00Hr,Inf_00Hr-Ctrl_24Hr,-Inf,NA,NA,0
E,ZC3H18,Q86VM9,ZC3H18_S613,Ctrl_00Hr,Inf_02Hr,Inf_02Hr-Ctrl_00Hr,-Inf,NA,NA,0
E,ZC3H18,Q86VM9,ZC3H18_S857,Ctrl_00Hr,Inf_02Hr,Inf_02Hr-Ctrl_00Hr,Inf,NA,NA,0
E,ZC3H18,Q86VM9,ZC3H18_T611,Ctrl_00Hr,Inf_02Hr,Inf_02Hr-Ctrl_00Hr,-Inf,NA,NA,0
E,ZC3H18,Q86VM9,ZC3H18_S532,Ctrl_24Hr,Inf_02Hr,Inf_02Hr-Ctrl_24Hr,-Inf,NA,NA,0
E,ZC3H18,Q86VM9,ZC3H18_S603,Ctrl_24Hr,Inf_02Hr,Inf_02Hr-Ctrl_24Hr,-Inf,NA,NA,0
E,ZC3H18,Q86VM9,ZC3H18_S613,Ctrl_24Hr,Inf_02Hr,Inf_02Hr-Ctrl_24Hr,-Inf,NA,NA,0
E,ZC3H18,Q86VM9,ZC3H18_S857,Ctrl_24Hr,Inf_02Hr,Inf_02Hr-Ctrl_24Hr,Inf,NA,NA,0
N,LARP1,Q6PKG0,LARP1_S774,Ctrl_00Hr,Inf_24Hr,Inf_24Hr-Ctrl_00Hr,-1.61172470283968,-7.4465168440021,3.12279814629335e-6,4.96331457587863e-5
N,LARP1,Q6PKG0,LARP1_S774,Ctrl_00Hr,Inf_12Hr,Inf_12Hr-Ctrl_00Hr,-1.59306642831364,-7.36031157873974,3.56298864989668e-6,1.24753911976826e-4
N,LARP1,Q6PKG0,LARP1_S774,Ctrl_24Hr,Inf_24Hr,Inf_24Hr-Ctrl_24Hr,-1.54782892442847,-7.15130452308811,4.92499734816576e-6,1.36250982807932e-4
N,LARP1,Q6PKG0,LARP1_S774,Ctrl_00Hr,Inf_08Hr,Inf_08Hr-Ctrl_00Hr,-1.6171180406486,-7.47143523159571,3.00653735951784e-6,1.6707096834736e-4
N,LARP1,Q6PKG0,LARP1_S774,Ctrl_24Hr,Inf_08Hr,Inf_08Hr-Ctrl_24Hr,-1.55322226223739,-7.17622291068171,4.73711692583478e-6,2.78430416585221e-4
N,LARP1,Q6PKG0,LARP1_S774,Ctrl_24Hr,Inf_12Hr,Inf_12Hr-Ctrl_24Hr,-1.52917064990242,-7.06509925782575,5.63790404295439e-6,3.31478054392386e-4
N,LARP1,Q6PKG0,LARP1_S774,Ctrl_00Hr,Inf_02Hr,Inf_02Hr-Ctrl_00Hr,-1.6821177861388,-6.95126283947913,6.74999521343977e-6,6.2702494934845e-4
N,LARP1,Q6PKG0,LARP1_S774,Ctrl_24Hr,Inf_02Hr,Inf_02Hr-Ctrl_24Hr,-1.61822200772759,-6.68721691253546,1.03171812271263e-5,9.85833816728834e-4
N,LARP1,Q6PKG0,LARP1_S774,Ctrl_00Hr,Inf_04Hr,Inf_04Hr-Ctrl_00Hr,-1.22662153010473,-5.66725686405832,5.8117532384383e-5,0.00154755505482434
N,LARP1,Q6PKG0,LARP1_T649,Ctrl_24Hr,Inf_00Hr,Inf_00Hr-Ctrl_24Hr,-1.73091375122217,-6.1807308010385,2.39086556614865e-5,0.00183022100887946
N,LARP1,Q6PKG0,LARP1_S824,Ctrl_00Hr,Inf_12Hr,Inf_12Hr-Ctrl_00Hr,-1.63265662116918,-4.86128328155725,2.51883163040922e-4,0.00219498184935661
N,LARP1,Q6PKG0,LARP1_S774,Ctrl_24Hr,Inf_04Hr,Inf_04Hr-Ctrl_24Hr,-1.16272575169352,-5.37204454314432,9.84530988108467e-5,0.00278748903374711
N,LARP1,Q6PKG0,LARP1_S824,Ctrl_00Hr,Inf_08Hr,Inf_08Hr-Ctrl_00Hr,-1.52232440574417,-4.53276585339242,4.68875623360177e-4,0.00440272002843245
N,LARP1,Q6PKG0,LARP1_S766,Ctrl_00Hr,Inf_12Hr,Inf_12Hr-Ctrl_00Hr,-2.05570166160597,-4.17211246482086,0.00129456021441676,0.00715168577257859
N,LARP1,Q6PKG0,LARP1_S824,Ctrl_24Hr,Inf_12Hr,Inf_12Hr-Ctrl_24Hr,-1.37999984639946,-4.10899027687103,0.0010633026794129,0.00811015956719904
N,LARP1,Q6PKG0,LARP1_S824,Ctrl_24Hr,Inf_08Hr,Inf_08Hr-Ctrl_24Hr,-1.26966763097445,-3.7804728487062,0.00202751769809728,0.0126331714936452
N,LARP1,Q6PKG0,LARP1_S517,Ctrl_24Hr,Inf_08Hr,Inf_08Hr-Ctrl_24Hr,-1.92393446307896,-3.73181347121094,0.00223225404582506,0.0135418588225659
N,LARP1,Q6PKG0,LARP1_S521,Ctrl_24Hr,Inf_08Hr,Inf_08Hr-Ctrl_24Hr,-1.92393446307896,-3.73181347121094,0.00223225404582506,0.0135418588225659
N,LARP1,Q6PKG0,LARP1_T649,Ctrl_24Hr,Inf_04Hr,Inf_04Hr-Ctrl_24Hr,-1.00495835551707,-4.01206048945225,0.00128529670819222,0.0139748786153442
N,LARP1,Q6PKG0,LARP1_T649,Ctrl_00Hr,Inf_00Hr,Inf_00Hr-Ctrl_00Hr,-1.10178218605415,-3.93423363155564,0.00149744666415064,0.0255554812778161
N,LARP1,Q6PKG0,LARP1_S766,Ctrl_00Hr,Inf_08Hr,Inf_08Hr-Ctrl_00Hr,-1.62438376766045,-3.29673896328631,0.00637917092283735,0.0277944093767051
N,LARP1,Q6PKG0,LARP1_S517,Ctrl_00Hr,Inf_24Hr,Inf_24Hr-Ctrl_00Hr,2.10153785900049,5.8107468841224,0.0101462399761054,0.028993869525991
N,LARP1,Q6PKG0,LARP1_S517,Ctrl_24Hr,Inf_12Hr,Inf_12Hr-Ctrl_24Hr,-1.6328240088804,-3.16715290951492,0.00685389912792456,0.0293260910421302
N,LARP1,Q6PKG0,LARP1_S521,Ctrl_24Hr,Inf_12Hr,Inf_12Hr-Ctrl_24Hr,-1.6328240088804,-3.16715290951492,0.00685389912792456,0.0293260910421302
N,LARP1,Q6PKG0,LARP1_S517,Ctrl_00Hr,Inf_08Hr,Inf_08Hr-Ctrl_00Hr,2.48382221945335,6.47498827628122,0.00747592500838223,0.0311657397577675
N,LARP1,Q6PKG0,LARP1_S766,Ctrl_24Hr,Inf_12Hr,Inf_12Hr-Ctrl_24Hr,-1.5777878492034,-3.20217105207854,0.00760184905055761,0.0314312142561776
N,LARP1,Q6PKG0,LARP1_S517,Ctrl_24Hr,Inf_04Hr,Inf_04Hr-Ctrl_24Hr,-1.59044898123823,-3.08495899801083,0.008069886924023,0.042607674582393
N,LARP1,Q6PKG0,LARP1_S521,Ctrl_24Hr,Inf_04Hr,Inf_04Hr-Ctrl_24Hr,-1.59044898123823,-3.08495899801083,0.008069886924023,0.042607674582393
N,LARP1,Q6PKG0,LARP1_T782,Ctrl_24Hr,Inf_00Hr,Inf_00Hr-Ctrl_24Hr,-Inf,NA,NA,0
N,LARP1,Q6PKG0,LARP1_T782,Ctrl_24Hr,Inf_02Hr,Inf_02Hr-Ctrl_24Hr,-Inf,NA,NA,0
N,SNIP1,Q8TAD8,SNIP1_S153,Ctrl_00Hr,Inf_24Hr,Inf_24Hr-Ctrl_00Hr,1.34573194118986,5.68263598095702,5.65618189689587e-5,4.76925008771126e-4
N,SNIP1,Q8TAD8,SNIP1_S35,Ctrl_00Hr,Inf_24Hr,Inf_24Hr-Ctrl_00Hr,1.53395056014319,4.39796355066099,6.07189348750925e-4,0.00315176898947012
N,SNIP1,Q8TAD8,SNIP1_S35,Ctrl_00Hr,Inf_12Hr,Inf_12Hr-Ctrl_00Hr,1.55886309776351,4.46938986338283,5.29338330363061e-4,0.00377151109483316
N,SNIP1,Q8TAD8,SNIP1_S153,Ctrl_00Hr,Inf_04Hr,Inf_04Hr-Ctrl_00Hr,1.13485837112166,4.79217800784619,2.86750124850021e-4,0.00480758542653955
N,SNIP1,Q8TAD8,SNIP1_S153,Ctrl_24Hr,Inf_24Hr,Inf_24Hr-Ctrl_24Hr,1.02854531250945,4.34324877192335,6.74727047986323e-4,0.0050173710739258
N,SNIP1,Q8TAD8,SNIP1_S35,Ctrl_24Hr,Inf_24Hr,Inf_24Hr-Ctrl_24Hr,1.37331918674401,3.93742007314745,0.00148809655731297,0.00905537856821476
N,SNIP1,Q8TAD8,SNIP1_S35,Ctrl_24Hr,Inf_12Hr,Inf_12Hr-Ctrl_24Hr,1.39823172436433,4.00884638586929,0.0012934198474337,0.00934305630969753
N,SNIP1,Q8TAD8,SNIP1_S35,Ctrl_00Hr,Inf_08Hr,Inf_08Hr-Ctrl_00Hr,1.29609765481947,3.71601953289886,0.00230311692411278,0.0134175134353151
N,SNIP1,Q8TAD8,SNIP1_S35,Ctrl_24Hr,Inf_08Hr,Inf_08Hr-Ctrl_24Hr,1.1354662814203,3.25547605538532,0.00574972059508738,0.0267344151396423
N,RRP9,O43818,RRP9_S50,Ctrl_00Hr,Inf_12Hr,Inf_12Hr-Ctrl_00Hr,1.76764741121408,5.91109544155755,1.48817068347906e-4,0.0015716859337758
N,RRP9,O43818,RRP9_S51,Ctrl_00Hr,Inf_12Hr,Inf_12Hr-Ctrl_00Hr,1.76764741121408,5.91109544155755,1.48817068347906e-4,0.0015716859337758
N,RRP9,O43818,RRP9_S53,Ctrl_00Hr,Inf_12Hr,Inf_12Hr-Ctrl_00Hr,1.76764741121408,5.91109544155755,1.48817068347906e-4,0.0015716859337758
N,RRP9,O43818,RRP9_S50,Ctrl_00Hr,Inf_24Hr,Inf_24Hr-Ctrl_00Hr,1.20825735071557,4.04046897177179,0.00235944351434414,0.00898740307902879
N,RRP9,O43818,RRP9_S51,Ctrl_00Hr,Inf_24Hr,Inf_24Hr-Ctrl_00Hr,1.20825735071557,4.04046897177179,0.00235944351434414,0.00898740307902879
N,RRP9,O43818,RRP9_S53,Ctrl_00Hr,Inf_24Hr,Inf_24Hr-Ctrl_00Hr,1.20825735071557,4.04046897177179,0.00235944351434414,0.00898740307902879
N,RRP9,O43818,RRP9_S50,Ctrl_00Hr,Inf_02Hr,Inf_02Hr-Ctrl_00Hr,1.20678406291206,3.683929183945,0.0042189151758687,0.0254078901899562
N,RRP9,O43818,RRP9_S51,Ctrl_00Hr,Inf_02Hr,Inf_02Hr-Ctrl_00Hr,1.20678406291206,3.683929183945,0.0042189151758687,0.0254078901899562
N,RRP9,O43818,RRP9_S53,Ctrl_00Hr,Inf_02Hr,Inf_02Hr-Ctrl_00Hr,1.20678406291206,3.683929183945,0.0042189151758687,0.0254078901899562
N,RRP9,O43818,RRP9_S50,Ctrl_00Hr,Ctrl_24Hr,Ctrl_24Hr-Ctrl_00Hr,1.21601973772034,4.06642675619667,0.00226309832926574,0.0371549181399705
N,RRP9,O43818,RRP9_S51,Ctrl_00Hr,Ctrl_24Hr,Ctrl_24Hr-Ctrl_00Hr,1.21601973772034,4.06642675619667,0.00226309832926574,0.0371549181399705
N,RRP9,O43818,RRP9_S53,Ctrl_00Hr,Ctrl_24Hr,Ctrl_24Hr-Ctrl_00Hr,1.21601973772034,4.06642675619667,0.00226309832926574,0.0371549181399705
S,ZDHHC5,Q9C0B5,ZDHHC5_S554,Ctrl_24Hr,Inf_08Hr,Inf_08Hr-Ctrl_24Hr,-2.66530856127361,-4.628304028841,4.727576912118e-4,0.00463228282252819
S,ZDHHC5,Q9C0B5,ZDHHC5_S554,Ctrl_00Hr,Inf_08Hr,Inf_08Hr-Ctrl_00Hr,-2.42934214766683,-4.2185487312234,0.00100425872368426,0.00758052052267172
S,ZDHHC5,Q9C0B5,ZDHHC5_S380,Ctrl_24Hr,Inf_04Hr,Inf_04Hr-Ctrl_24Hr,-1.08432787295977,-3.81440046081737,0.00189613202445171,0.0177389239854586
S,ZDHHC5,Q9C0B5,ZDHHC5_S529,Ctrl_00Hr,Inf_08Hr,Inf_08Hr-Ctrl_00Hr,-1.87790701700403,-4.25008393168516,0.00379273797009949,0.0191599574097893
S,ZDHHC5,Q9C0B5,ZDHHC5_S380,Ctrl_24Hr,Inf_00Hr,Inf_00Hr-Ctrl_24Hr,-1.28953837364513,-4.05737293944416,0.00117616170007317,0.0195326853762152
S,ZDHHC5,Q9C0B5,ZDHHC5_S554,Ctrl_24Hr,Inf_24Hr,Inf_24Hr-Ctrl_24Hr,-1.79557243978455,-3.11800865306177,0.00815896896531054,0.031771293758951
S,ZDHHC5,Q9C0B5,ZDHHC5_S554,Ctrl_00Hr,Inf_24Hr,Inf_24Hr-Ctrl_00Hr,-1.55960602617778,-2.70825335544417,0.0179098342264838,0.0450308631929728
S,ZDHHC5,Q9C0B5,ZDHHC5_S529,Ctrl_24Hr,Inf_08Hr,Inf_08Hr-Ctrl_24Hr,-1.57841108480893,-3.26101593601198,0.0138449536100209,0.0494481501548743
S,ZDHHC5,Q9C0B5,ZDHHC5_S529,Ctrl_00Hr,Inf_02Hr,Inf_02Hr-Ctrl_00Hr,-Inf,NA,NA,0
Orf3a,SUN2,Q9UH99,SUN2_S54,Ctrl_00Hr,Inf_24Hr,Inf_24Hr-Ctrl_00Hr,-1.05081407406095,-5.34736700629721,1.02943322869864e-4,7.53100643072406e-4
Orf3a,SUN2,Q9UH99,SUN2_S54,Ctrl_24Hr,Inf_24Hr,Inf_24Hr-Ctrl_24Hr,-1.01665517306775,-5.17353969978193,1.41263855253815e-4,0.00160270709044232
Orf3a,SUN2,Q9UH99,SUN2_S110,Ctrl_24Hr,Inf_00Hr,Inf_00Hr-Ctrl_24Hr,1.35834741393557,4.39897882181784,0.00316076590207981,0.0370916377152583
Orf3a,SUN2,Q9UH99,SUN2_T107,Ctrl_24Hr,Inf_00Hr,Inf_00Hr-Ctrl_24Hr,1.35834741393557,4.39897882181784,0.00316076590207981,0.0370916377152583
Orf3a,SUN2,Q9UH99,SUN2_S110,Ctrl_00Hr,Inf_02Hr,Inf_02Hr-Ctrl_00Hr,-Inf,NA,NA,0
Orf3a,SUN2,Q9UH99,SUN2_T107,Ctrl_00Hr,Inf_02Hr,Inf_02Hr-Ctrl_00Hr,-Inf,NA,NA,0
Orf3a,SUN2,Q9UH99,SUN2_S110,Ctrl_24Hr,Inf_02Hr,Inf_02Hr-Ctrl_24Hr,-Inf,NA,NA,0
Orf3a,SUN2,Q9UH99,SUN2_T107,Ctrl_24Hr,Inf_02Hr,Inf_02Hr-Ctrl_24Hr,-Inf,NA,NA,0
Orf3a,SUN2,Q9UH99,SUN2_S110,Ctrl_00Hr,Inf_24Hr,Inf_24Hr-Ctrl_00Hr,-Inf,NA,NA,0
Orf3a,SUN2,Q9UH99,SUN2_T107,Ctrl_00Hr,Inf_24Hr,Inf_24Hr-Ctrl_00Hr,-Inf,NA,NA,0
Orf3a,SUN2,Q9UH99,SUN2_S110,Ctrl_24Hr,Inf_24Hr,Inf_24Hr-Ctrl_24Hr,-Inf,NA,NA,0
Orf3a,SUN2,Q9UH99,SUN2_T107,Ctrl_24Hr,Inf_24Hr,Inf_24Hr-Ctrl_24Hr,-Inf,NA,NA,0
Orf3a,CLCC1,Q96S66,CLCC1_S438,Ctrl_00Hr,Inf_02Hr,Inf_02Hr-Ctrl_00Hr,-Inf,NA,NA,0
Orf3a,CLCC1,Q96S66,CLCC1_S438,Ctrl_24Hr,Inf_02Hr,Inf_02Hr-Ctrl_24Hr,-Inf,NA,NA,0
Orf3a,CLCC1,Q96S66,CLCC1_S438,Ctrl_00Hr,Inf_12Hr,Inf_12Hr-Ctrl_00Hr,-Inf,NA,NA,0
Orf3a,CLCC1,Q96S66,CLCC1_S438,Ctrl_24Hr,Inf_12Hr,Inf_12Hr-Ctrl_24Hr,-Inf,NA,NA,0
Orf3b,STOML2,Q9UJZ1,STOML2_S30,Ctrl_00Hr,Inf_02Hr,Inf_02Hr-Ctrl_00Hr,Inf,NA,NA,0
Orf3b,STOML2,Q9UJZ1,STOML2_S30,Ctrl_24Hr,Inf_02Hr,Inf_02Hr-Ctrl_24Hr,Inf,NA,NA,0
Orf3b,STOML2,Q9UJZ1,STOML2_S30,Ctrl_00Hr,Inf_04Hr,Inf_04Hr-Ctrl_00Hr,Inf,NA,NA,0
Orf3b,STOML2,Q9UJZ1,STOML2_S30,Ctrl_24Hr,Inf_04Hr,Inf_04Hr-Ctrl_24Hr,Inf,NA,NA,0
Orf6,NUP98,P52948,NUP98_S888,Ctrl_24Hr,Inf_24Hr,Inf_24Hr-Ctrl_24Hr,1.49275140561378,4.49136054719486,7.37669122341078e-4,0.00538089001362439
Orf6,NUP98,P52948,NUP98_S888,Ctrl_24Hr,Inf_08Hr,Inf_08Hr-Ctrl_24Hr,1.47430330128316,4.4358542601805,8.12722242962582e-4,0.0066379811028417
Orf6,NUP98,P52948,NUP98_S888,Ctrl_24Hr,Inf_02Hr,Inf_02Hr-Ctrl_24Hr,1.60313873257511,4.31426215602543,0.00100624409850392,0.0135615195878751
Orf6,NUP98,P52948,NUP98_S888,Ctrl_24Hr,Inf_12Hr,Inf_12Hr-Ctrl_24Hr,1.26849790438969,3.81663110183616,0.00245446251199088,0.013975641258384
Orf6,NUP98,P52948,NUP98_S888,Ctrl_24Hr,Inf_04Hr,Inf_04Hr-Ctrl_24Hr,1.32682004962833,3.99210960493287,0.0017868926425253,0.0170663766279897
Orf6,NUP98,P52948,NUP98_S839,Ctrl_00Hr,Inf_00Hr,Inf_00Hr-Ctrl_00Hr,-1.13529293116928,-4.56408660416691,8.11194161780548e-4,0.017972587227417
Orf6,NUP98,P52948,NUP98_S888,Ctrl_00Hr,Inf_24Hr,Inf_24Hr-Ctrl_00Hr,1.50156411924783,3.19462080110605,0.00770911765923055,0.0233214901606876
Orf6,NUP98,P52948,NUP98_S888,Ctrl_00Hr,Inf_08Hr,Inf_08Hr-Ctrl_00Hr,1.48311601491721,3.15537192915971,0.00829180152698106,0.0335762187393
Orf6,NUP98,P52948,NUP98_S888,Ctrl_00Hr,Inf_02Hr,Inf_02Hr-Ctrl_00Hr,1.61195144620915,3.23333816212156,0.0071747427704234,0.0350131449842559
Orf6,NUP98,P52948,NUP98_S839,Ctrl_00Hr,Inf_24Hr,Inf_24Hr-Ctrl_00Hr,-Inf,NA,NA,0
Orf6,NUP98,P52948,NUP98_S839,Ctrl_24Hr,Inf_24Hr,Inf_24Hr-Ctrl_24Hr,-Inf,NA,NA,0
Orf8,DNMT1,P26358,DNMT1_S714,Ctrl_24Hr,Inf_08Hr,Inf_08Hr-Ctrl_24Hr,2.74415323504199,11.3438198736678,9.02549786019335e-8,3.75360427674486e-5
Orf8,DNMT1,P26358,DNMT1_S714,Ctrl_24Hr,Inf_24Hr,Inf_24Hr-Ctrl_24Hr,2.27728858128893,9.41388809364606,6.85044875936569e-7,3.87562073716477e-5
Orf8,DNMT1,P26358,DNMT1_S714,Ctrl_24Hr,Inf_12Hr,Inf_12Hr-Ctrl_24Hr,2.35721684500562,9.74429669285944,4.73453739990859e-7,1.02600210478019e-4
Orf8,DNMT1,P26358,DNMT1_S714,Ctrl_00Hr,Inf_08Hr,Inf_08Hr-Ctrl_00Hr,2.66238368189351,7.78227561854939,4.98151704242389e-6,2.30539578324229e-4
Orf8,DNMT1,P26358,DNMT1_S714,Ctrl_00Hr,Inf_24Hr,Inf_24Hr-Ctrl_00Hr,2.19551902814045,6.41760776966859,3.31503502879471e-5,3.04773871976679e-4
Orf8,DNMT1,P26358,DNMT1_S714,Ctrl_24Hr,Inf_04Hr,Inf_04Hr-Ctrl_24Hr,2.0428074502945,8.44458664217883,2.15211022758233e-6,3.06795269109792e-4
Orf8,DNMT1,P26358,DNMT1_S714,Ctrl_00Hr,Inf_12Hr,Inf_12Hr-Ctrl_00Hr,2.27544729185713,6.65124193073472,2.35612429766441e-5,4.72037176085315e-4
Orf8,DNMT1,P26358,DNMT1_S714,Ctrl_24Hr,Inf_02Hr,Inf_02Hr-Ctrl_24Hr,2.2633736123388,8.36858833471783,2.36384540341916e-6,5.72208177320999e-4
Orf8,DNMT1,P26358,DNMT1_S714,Ctrl_00Hr,Inf_02Hr,Inf_02Hr-Ctrl_00Hr,2.18160405919032,6.01223069885375,6.10121896440496e-5,0.00185636218751765
Orf8,DNMT1,P26358,DNMT1_S714,Ctrl_00Hr,Inf_04Hr,Inf_04Hr-Ctrl_00Hr,1.96103789714602,5.73220814032215,9.4230516670013e-5,0.00212561201845932
Orf8,DNMT1,P26358,DNMT1_S127,Ctrl_00Hr,Inf_00Hr,Inf_00Hr-Ctrl_00Hr,-Inf,NA,NA,0
Orf8,DNMT1,P26358,DNMT1_S127,Ctrl_00Hr,Inf_02Hr,Inf_02Hr-Ctrl_00Hr,-Inf,NA,NA,0
Orf9b,MARK2,Q7KZI7,MARK2_S486,Ctrl_00Hr,Inf_24Hr,Inf_24Hr-Ctrl_00Hr,-1.31791230064021,-4.57606125320207,7.95449095176703e-4,0.00389271546304458
Orf9b,MARK2,Q7KZI7,MARK2_S486,Ctrl_00Hr,Inf_02Hr,Inf_02Hr-Ctrl_00Hr,-1.63576164339671,-5.08007742575201,3.54937808428435e-4,0.00564512450768679
Orf9b,MARK2,Q7KZI7,MARK2_S486,Ctrl_24Hr,Inf_02Hr,Inf_02Hr-Ctrl_24Hr,-1.43931058256281,-4.46997227783145,9.46937313624607e-4,0.0130239749461021
Orf9b,MARK2,Q7KZI7,MARK2_S486,Ctrl_24Hr,Inf_24Hr,Inf_24Hr-Ctrl_24Hr,-1.12146123980631,-3.8939429611156,0.00250253514345222,0.0134178418874968
Orf9b,MARK2,Q7KZI7,MARK2_S486,Ctrl_00Hr,Inf_08Hr,Inf_08Hr-Ctrl_00Hr,-1.14851565103908,-3.56686957144372,0.00441926350460675,0.0212644892743946
Orf9b,MARK2,Q7KZI7,MARK2_S400,Ctrl_00Hr,Inf_00Hr,Inf_00Hr-Ctrl_00Hr,-Inf,NA,NA,0
Orf9b,MARK2,Q7KZI7,MARK2_S400,Ctrl_24Hr,Inf_00Hr,Inf_00Hr-Ctrl_24Hr,-Inf,NA,NA,0
Orf9b,MARK2,Q7KZI7,MARK2_S400,Ctrl_00Hr,Inf_02Hr,Inf_02Hr-Ctrl_00Hr,-Inf,NA,NA,0
Orf9b,MARK2,Q7KZI7,MARK2_T596,Ctrl_00Hr,Inf_02Hr,Inf_02Hr-Ctrl_00Hr,-Inf,NA,NA,0
Orf9b,MARK2,Q7KZI7,MARK2_S400,Ctrl_24Hr,Inf_02Hr,Inf_02Hr-Ctrl_24Hr,-Inf,NA,NA,0
Orf9b,MARK2,Q7KZI7,MARK2_T596,Ctrl_24Hr,Inf_02Hr,Inf_02Hr-Ctrl_24Hr,-Inf,NA,NA,0
Orf9b,MARK2,Q7KZI7,MARK2_S400,Ctrl_00Hr,Inf_08Hr,Inf_08Hr-Ctrl_00Hr,-Inf,NA,NA,0
Orf9b,MARK2,Q7KZI7,MARK2_S486,Ctrl_00Hr,Inf_12Hr,Inf_12Hr-Ctrl_00Hr,-Inf,NA,NA,0
Orf9b,MARK2,Q7KZI7,MARK2_S486,Ctrl_24Hr,Inf_12Hr,Inf_12Hr-Ctrl_24Hr,-Inf,NA,NA,0
Orf9b,MARK3,P27448,MARK3_S419,Ctrl_00Hr,Inf_24Hr,Inf_24Hr-Ctrl_00Hr,-1.30001556411679,-6.56916338601748,1.25103250372405e-5,1.4265742074212e-4
Orf9b,MARK3,P27448,MARK3_S419,Ctrl_00Hr,Inf_12Hr,Inf_12Hr-Ctrl_00Hr,-1.01981395133413,-5.15326481818346,1.46613495523917e-4,0.0015577133548457
Orf9b,MARK3,P27448,MARK3_T507,Ctrl_00Hr,Inf_02Hr,Inf_02Hr-Ctrl_00Hr,-Inf,NA,NA,0
Orf9b,MARK3,P27448,MARK3_T507,Ctrl_24Hr,Inf_02Hr,Inf_02Hr-Ctrl_24Hr,-Inf,NA,NA,0
Orf9c,RETREG3,Q86VR2,RETREG3_S258,Ctrl_00Hr,Inf_12Hr,Inf_12Hr-Ctrl_00Hr,1.48173249565678,6.35204902773681,1.79217451075075e-5,3.84285661759768e-4
Orf9c,RETREG3,Q86VR2,RETREG3_S260,Ctrl_00Hr,Inf_12Hr,Inf_12Hr-Ctrl_00Hr,1.48173249565678,6.35204902773681,1.79217451075075e-5,3.84285661759768e-4
Orf9c,RETREG3,Q86VR2,RETREG3_S258,Ctrl_00Hr,Inf_08Hr,Inf_08Hr-Ctrl_00Hr,1.37967285887712,5.914528882584,3.77191127296506e-5,7.96733539061391e-4
Orf9c,RETREG3,Q86VR2,RETREG3_S260,Ctrl_00Hr,Inf_08Hr,Inf_08Hr-Ctrl_00Hr,1.37967285887712,5.914528882584,3.77191127296506e-5,7.96733539061391e-4
Orf9c,RETREG3,Q86VR2,RETREG3_S258,Ctrl_24Hr,Inf_12Hr,Inf_12Hr-Ctrl_24Hr,1.36169589164343,5.83746330052168,4.31202181156998e-5,0.00111087331145621
Orf9c,RETREG3,Q86VR2,RETREG3_S260,Ctrl_24Hr,Inf_12Hr,Inf_12Hr-Ctrl_24Hr,1.36169589164343,5.83746330052168,4.31202181156998e-5,0.00111087331145621
Orf9c,RETREG3,Q86VR2,RETREG3_S258,Ctrl_24Hr,Inf_08Hr,Inf_08Hr-Ctrl_24Hr,1.25963625486377,5.39994315536887,9.36214443214567e-5,0.00155928505062048
Orf9c,RETREG3,Q86VR2,RETREG3_S260,Ctrl_24Hr,Inf_08Hr,Inf_08Hr-Ctrl_24Hr,1.25963625486377,5.39994315536887,9.36214443214567e-5,0.00155928505062048
Orf9c,RETREG3,Q86VR2,RETREG3_S320,Ctrl_00Hr,Inf_24Hr,Inf_24Hr-Ctrl_00Hr,2.25821793268249,4.52041357340892,8.71449598334184e-4,0.00417923492285232
Orf9c,RETREG3,Q86VR2,RETREG3_S258,Ctrl_00Hr,Inf_04Hr,Inf_04Hr-Ctrl_00Hr,1.08488843090698,4.65081553043152,3.74504069607262e-4,0.00583223492501351
Orf9c,RETREG3,Q86VR2,RETREG3_S260,Ctrl_00Hr,Inf_04Hr,Inf_04Hr-Ctrl_00Hr,1.08488843090698,4.65081553043152,3.74504069607262e-4,0.00583223492501351
Orf9c,RETREG3,Q86VR2,RETREG3_S258,Ctrl_00Hr,Inf_02Hr,Inf_02Hr-Ctrl_00Hr,1.10786303081979,4.24790797553297,8.11430260959423e-4,0.00879007579906198
Orf9c,RETREG3,Q86VR2,RETREG3_S260,Ctrl_00Hr,Inf_02Hr,Inf_02Hr-Ctrl_00Hr,1.10786303081979,4.24790797553297,8.11430260959423e-4,0.00879007579906198
Orf9c,RETREG3,Q86VR2,RETREG3_S258,Ctrl_00Hr,Inf_00Hr,Inf_00Hr-Ctrl_00Hr,1.07151232761558,4.10852753069303,0.00106426365956391,0.0203730471973663
Orf9c,RETREG3,Q86VR2,RETREG3_S260,Ctrl_00Hr,Inf_00Hr,Inf_00Hr-Ctrl_00Hr,1.07151232761558,4.10852753069303,0.00106426365956391,0.0203730471973663
Orf9c,RETREG3,Q86VR2,RETREG3_S320,Ctrl_24Hr,Inf_24Hr,Inf_24Hr-Ctrl_24Hr,1.20047919663288,3.3984583734318,0.00594529031429003,0.0252274930937083
Orf9c,RETREG3,Q86VR2,RETREG3_S320,Ctrl_24Hr,Inf_00Hr,Inf_00Hr-Ctrl_24Hr,-Inf,NA,NA,0
Orf9c,RETREG3,Q86VR2,RETREG3_S26,Ctrl_00Hr,Inf_24Hr,Inf_24Hr-Ctrl_00Hr,Inf,NA,NA,0
Orf9c,RETREG3,Q86VR2,RETREG3_S26,Ctrl_24Hr,Inf_24Hr,Inf_24Hr-Ctrl_24Hr,Inf,NA,NA,0
Orf10,MAP7D1,Q3KQU3,MAP7D1_N395,Ctrl_00Hr,Inf_12Hr,Inf_12Hr-Ctrl_00Hr,-1.96639322459517,-8.54320485185522,1.41066707710635e-4,0.00150783689389797
Orf10,MAP7D1,Q3KQU3,MAP7D1_S399,Ctrl_00Hr,Inf_12Hr,Inf_12Hr-Ctrl_00Hr,-1.96639322459517,-8.54320485185522,1.41066707710635e-4,0.00150783689389797
Orf10,MAP7D1,Q3KQU3,MAP7D1_N395,Ctrl_24Hr,Inf_12Hr,Inf_12Hr-Ctrl_24Hr,-1.81256234831849,-7.8748702216631,2.2204203183307e-4,0.00298541184406215
Orf10,MAP7D1,Q3KQU3,MAP7D1_S399,Ctrl_24Hr,Inf_12Hr,Inf_12Hr-Ctrl_24Hr,-1.81256234831849,-7.8748702216631,2.2204203183307e-4,0.00298541184406215
Orf10,MAP7D1,Q3KQU3,MAP7D1_N395,Ctrl_00Hr,Inf_02Hr,Inf_02Hr-Ctrl_00Hr,-1.29087889757241,-7.09407774472153,3.93858028950866e-4,0.00599177931869166
Orf10,MAP7D1,Q3KQU3,MAP7D1_S399,Ctrl_00Hr,Inf_02Hr,Inf_02Hr-Ctrl_00Hr,-1.29087889757241,-7.09407774472153,3.93858028950866e-4,0.00599177931869166
Orf10,MAP7D1,Q3KQU3,MAP7D1_N395,Ctrl_00Hr,Inf_08Hr,Inf_08Hr-Ctrl_00Hr,-1.23937273103656,-5.38458686523822,0.00168830850980717,0.0104940515045999
Orf10,MAP7D1,Q3KQU3,MAP7D1_S399,Ctrl_00Hr,Inf_08Hr,Inf_08Hr-Ctrl_00Hr,-1.23937273103656,-5.38458686523822,0.00168830850980717,0.0104940515045999
Orf10,MAP7D1,Q3KQU3,MAP7D1_N395,Ctrl_24Hr,Inf_02Hr,Inf_02Hr-Ctrl_24Hr,-1.13704802129572,-6.24869387649215,7.78601484731745e-4,0.0113084079642439
Orf10,MAP7D1,Q3KQU3,MAP7D1_S399,Ctrl_24Hr,Inf_02Hr,Inf_02Hr-Ctrl_24Hr,-1.13704802129572,-6.24869387649215,7.78601484731745e-4,0.0113084079642439
Orf10,MAP7D1,Q3KQU3,MAP7D1_N395,Ctrl_24Hr,Inf_08Hr,Inf_08Hr-Ctrl_24Hr,-1.08554185475988,-4.7162522350461,0.00327065956130079,0.0176908652282498
Orf10,MAP7D1,Q3KQU3,MAP7D1_S399,Ctrl_24Hr,Inf_08Hr,Inf_08Hr-Ctrl_24Hr,-1.08554185475988,-4.7162522350461,0.00327065956130079,0.0176908652282498
Orf10,MAP7D1,Q3KQU3,MAP7D1_N395,Ctrl_00Hr,Inf_00Hr,Inf_00Hr-Ctrl_00Hr,-1.10763081419744,-6.08703041249079,8.94218927511847e-4,0.018601119748417
Orf10,MAP7D1,Q3KQU3,MAP7D1_S399,Ctrl_00Hr,Inf_00Hr,Inf_00Hr-Ctrl_00Hr,-1.10763081419744,-6.08703041249079,8.94218927511847e-4,0.018601119748417
Orf10,MAP7D1,Q3KQU3,MAP7D1_N395,Ctrl_00Hr,Inf_04Hr,Inf_04Hr-Ctrl_00Hr,-1.11692597768872,-4.85260390058446,0.00284412009853785,0.0217815123595841
Orf10,MAP7D1,Q3KQU3,MAP7D1_S399,Ctrl_00Hr,Inf_04Hr,Inf_04Hr-Ctrl_00Hr,-1.11692597768872,-4.85260390058446,0.00284412009853785,0.0217815123595841
Orf10,MAP7D1,Q3KQU3,MAP7D1_S113,Ctrl_00Hr,Inf_00Hr,Inf_00Hr-Ctrl_00Hr,Inf,NA,NA,0
Orf10,MAP7D1,Q3KQU3,MAP7D1_S116,Ctrl_00Hr,Inf_00Hr,Inf_00Hr-Ctrl_00Hr,Inf,NA,NA,0
Orf10,MAP7D1,Q3KQU3,MAP7D1_S366,Ctrl_00Hr,Inf_00Hr,Inf_00Hr-Ctrl_00Hr,-Inf,NA,NA,0
Orf10,MAP7D1,Q3KQU3,MAP7D1_S113,Ctrl_24Hr,Inf_00Hr,Inf_00Hr-Ctrl_24Hr,Inf,NA,NA,0
Orf10,MAP7D1,Q3KQU3,MAP7D1_S116,Ctrl_24Hr,Inf_00Hr,Inf_00Hr-Ctrl_24Hr,Inf,NA,NA,0
Orf10,MAP7D1,Q3KQU3,MAP7D1_S116,Ctrl_24Hr,Inf_02Hr,Inf_02Hr-Ctrl_24Hr,-Inf,NA,NA,0
Orf10,MAP7D1,Q3KQU3,MAP7D1_S366,Ctrl_24Hr,Inf_02Hr,Inf_02Hr-Ctrl_24Hr,Inf,NA,NA,0
Orf10,MAP7D1,Q3KQU3,MAP7D1_N395,Ctrl_00Hr,Inf_24Hr,Inf_24Hr-Ctrl_00Hr,-Inf,NA,NA,0
Orf10,MAP7D1,Q3KQU3,MAP7D1_N395,Ctrl_24Hr,Inf_24Hr,Inf_24Hr-Ctrl_24Hr,-Inf,NA,NA,0
Orf10,MAP7D1,Q3KQU3,MAP7D1_S366,Ctrl_24Hr,Inf_24Hr,Inf_24Hr-Ctrl_24Hr,Inf,NA,NA,0
